# Blender 4.3.2
# www.blender.org
mtllib sm_sphere3cp_hard.mtl
o Sphere
v -1.080521 -0.152396 0.990069
v -1.254130 -0.133014 0.652387
v -1.083159 -0.318493 0.824983
v -1.136344 -0.218671 0.894157
v -1.111458 -0.346113 0.696014
v -1.218762 -0.211823 0.704602
v -0.881337 -0.118405 1.147772
v -0.919965 -0.324041 0.998156
v -0.965546 -0.212983 1.072707
v -0.786032 -0.152166 1.177257
v -0.789549 -0.357105 1.032782
v -0.825372 -0.223573 1.133727
v -0.890081 -0.483498 0.646734
v -0.742122 -0.488686 0.808346
v -0.799554 -0.511989 0.705009
v -0.967814 -0.395284 0.877524
v -1.039330 -0.273199 0.945521
v -0.991664 -0.439728 0.695021
v -0.795930 -0.456024 0.881965
v -0.861695 -0.468683 0.766904
v -0.747813 -0.900208 -0.068939
v -1.253135 -0.132769 0.549471
v -1.109235 -0.344079 0.509535
v -1.211552 -0.219858 0.504084
v -1.080634 -0.316160 0.381452
v -1.129935 -0.222308 0.316088
v -1.058402 -0.474154 -0.114198
v -1.248546 -0.133096 0.077959
v -1.239343 -0.295541 -0.111199
v -1.280479 -0.204413 -0.036229
v -1.094442 -0.329620 0.103505
v -1.128382 -0.155109 0.249555
v -1.149456 -0.385837 -0.044642
v -1.220158 -0.259879 0.014648
v -0.890413 -0.484172 0.550178
v -0.782546 -0.525922 0.518378
v -0.754567 -0.502733 0.336982
v -0.966092 -0.450160 0.495990
v -0.962561 -0.397106 0.333599
v -1.041500 -0.274864 0.262008
v -0.870537 -0.470451 0.430085
v -0.740991 -0.493362 0.314106
v -0.895109 -0.482994 0.076951
v -0.964812 -0.509060 -0.040295
v -0.752917 -0.580580 0.001494
v -0.785838 -0.748427 -0.031537
v -0.792447 -0.582845 -0.021555
v -0.946480 -0.350711 0.240104
v -1.028511 -0.262573 0.228822
v -1.021010 -0.453913 0.011024
v -0.744189 -0.453486 0.234433
v -0.612695 -0.164616 1.181859
v -0.601867 -0.361933 1.038399
v -0.602544 -0.254826 1.127096
v -0.484056 -0.134778 1.158974
v -0.418131 -0.328140 1.002164
v -0.418907 -0.226116 1.095843
v -0.603281 -0.493619 0.813807
v -0.603453 -0.533623 0.698106
v -0.491382 -0.478339 0.796288
v -0.424246 -0.505314 0.692959
v -0.602323 -0.452260 0.909489
v -0.399885 -0.408869 0.901121
v -0.368711 -0.464200 0.748790
v -0.328468 -0.294798 0.967354
v -0.272530 -0.202960 1.020110
v -0.318053 -0.479579 0.626145
v 0.010626 -0.512332 0.802877
v 0.004797 -0.680293 0.646880
v -0.034738 -0.571119 0.714185
v -0.246987 -0.336568 0.869191
v -0.194371 -0.234917 0.926802
v -0.211113 -0.405153 0.719174
v -0.079565 -0.283172 0.709167
v -0.025625 -0.195118 0.757962
v -0.107160 -0.336985 0.674129
v -0.537113 -0.852944 0.072067
v -0.578001 -1.058496 -0.076942
v -0.624688 -0.944113 -0.006467
v -0.425767 -0.881611 0.095634
v -0.426246 -1.087685 -0.047594
v -0.425849 -0.974735 0.040808
v -0.241635 -0.888259 0.100780
v -0.219481 -1.091945 -0.058329
v -0.241119 -0.979655 0.038555
v -0.108595 -0.863577 0.083194
v -0.089937 -1.055950 -0.078336
v -0.021660 -0.955123 -0.015692
v -0.604127 -0.549911 0.493693
v -0.620493 -0.723113 0.332057
v -0.769523 -0.523093 0.494835
v -0.422817 -0.551928 0.462553
v -0.346689 -0.747360 0.349138
v -0.315194 -0.689756 0.404248
v -0.615968 -0.732572 0.094043
v -0.680733 -0.654241 0.042131
v -0.670105 -0.746745 0.053101
v -0.669637 -0.572627 0.082294
v -0.349090 -0.747827 0.174680
v -0.230678 -0.692276 0.466151
v -0.309413 -0.508556 0.481972
v -0.275493 -0.837502 0.372073
v -0.326539 -0.636826 0.415389
v -0.043901 -0.673603 0.461139
v -0.114788 -0.557877 0.497252
v 0.028391 -0.767133 0.385231
v -0.192386 -0.460932 0.484099
v -0.153769 -0.436794 0.482964
v -0.258418 -0.835567 0.127846
v -0.032502 -0.811481 0.086903
v 0.009475 -0.815721 0.048382
v -1.100048 -0.022228 1.010297
v -1.091739 0.160859 1.002375
v -1.077542 0.302009 0.986965
v -1.246689 0.024180 0.796001
v -1.248154 0.123310 0.796888
v -1.283955 -0.041413 0.692980
v -1.299611 0.171576 0.679283
v -1.208652 -0.031771 0.875787
v -1.202781 0.175947 0.871505
v -1.233930 -0.096345 0.772333
v -1.235093 0.243433 0.780293
v -1.269213 0.292156 0.681090
v -1.141146 0.360529 0.901687
v -1.105929 0.487935 0.846193
v -1.243454 0.361966 0.712215
v -1.155236 0.526550 0.689727
v -0.900376 -0.032643 1.171057
v -0.905584 0.161133 1.169500
v -0.986589 -0.051099 1.115672
v -0.999874 0.161582 1.099684
v -0.778366 -0.028575 1.226511
v -0.784914 0.162557 1.231779
v -0.886875 0.273315 1.152924
v -0.966501 0.359905 1.084090
v -0.928096 0.515353 1.019180
v -0.788244 0.339845 1.188818
v -0.701573 0.432441 1.145551
v -0.828103 0.401083 1.143243
v -0.784353 0.542843 1.073890
v -1.050615 0.420981 0.958408
v -1.001366 0.564050 0.910600
v -1.050127 0.609737 0.711982
v -0.849481 0.604398 0.952175
v -0.728600 0.620298 0.973645
v -0.923501 0.645999 0.835495
v -0.961150 0.672255 0.696435
v -0.790050 0.683873 0.868666
v -0.789636 0.732468 0.696627
v -1.292222 -0.022675 0.516149
v -1.301799 0.162571 0.508690
v -1.259793 0.014529 0.389656
v -1.263247 0.161470 0.383789
v -1.234363 -0.104337 0.429634
v -1.216006 -0.007908 0.313557
v -1.199758 0.152043 0.249588
v -1.268949 0.302482 0.509926
v -1.244983 0.270845 0.405134
v -1.231214 0.395577 0.509867
v -1.145057 0.532951 0.508148
v -1.161979 0.358068 0.250294
v -1.081038 0.483604 0.256738
v -1.276662 -0.023950 0.110889
v -1.290714 0.160277 0.130615
v -1.348097 -0.025761 -0.021526
v -1.368636 0.160467 -0.022598
v -1.180091 -0.016649 0.244945
v -1.201696 0.165543 0.244185
v -1.276866 0.344291 0.112028
v -1.249299 0.455302 0.079414
v -1.346354 0.346072 -0.022244
v -1.280034 0.525432 -0.036073
v -1.178994 0.362975 0.231549
v -1.162959 0.529901 0.161232
v -1.220405 0.580502 0.014577
v -1.048265 0.611374 0.510230
v -0.996223 0.559051 0.273249
v -1.032578 0.589056 0.224937
v -1.239499 0.616177 -0.110253
v -1.097530 0.653630 0.106699
v -1.155761 0.707161 -0.040656
v -1.061429 0.796839 -0.107881
v -0.959318 0.669993 0.509190
v -0.913628 0.619270 0.280377
v -0.790019 0.732466 0.509438
v -0.775789 0.678199 0.292770
v -0.972718 0.714969 0.161175
v -0.898348 0.804700 0.078331
v -1.023709 0.776506 0.017065
v -0.969242 0.838194 -0.033975
v -0.788115 0.762364 0.202747
v -0.787995 0.831397 0.110510
v -0.789571 0.902560 -0.021795
v -0.600842 -0.026224 1.234958
v -0.614709 0.167220 1.245163
v -0.442119 -0.024881 1.190489
v -0.427792 0.162340 1.198467
v -0.352564 -0.023456 1.143521
v -0.339932 0.161311 1.147818
v -0.615184 0.337498 1.206646
v -0.665035 0.434475 1.148949
v -0.543887 0.421089 1.140544
v -0.620522 0.549183 1.080823
v -0.462339 0.304130 1.177864
v -0.403148 0.360949 1.133286
v -0.413455 0.508818 1.038495
v -0.525151 0.609084 0.959896
v -0.416421 0.597800 0.932952
v -0.213378 -0.034662 1.049258
v -0.225285 0.162735 1.076516
v -0.138626 0.023745 0.978244
v -0.133789 0.161595 0.982602
v -0.231678 0.337188 1.024952
v -0.303538 0.459329 0.989745
v -0.151036 0.254168 0.965506
v -0.157895 -0.096304 0.958234
v 0.015455 -0.069998 0.786604
v -0.049309 0.162990 0.889195
v 0.022522 -0.008374 0.765865
v 0.021933 0.161909 0.761122
v -0.174978 0.381590 0.935088
v -0.244764 0.533533 0.867250
v -0.198625 0.580735 0.698042
v -0.099615 0.339962 0.877384
v -0.136234 0.450047 0.806326
v 0.019259 0.348634 0.661694
v -0.005434 0.430656 0.602086
v -0.645456 0.622775 0.975355
v -0.600741 0.686046 0.878901
v -0.602122 0.741316 0.697063
v -0.416842 0.651604 0.840176
v -0.415605 0.702296 0.698190
v -0.325322 0.616554 0.793106
v -0.293326 0.641161 0.696231
v -0.175922 0.601098 0.513179
v -0.176340 0.588218 0.284992
v -0.056321 0.516041 0.487209
v -0.124589 0.557337 0.285478
v -0.603077 0.746679 0.510587
v -0.603179 0.702278 0.298766
v -0.417765 0.717083 0.511623
v -0.424488 0.683797 0.279593
v -0.604239 0.775833 0.218897
v -0.604204 0.845614 0.130602
v -0.604006 0.924840 -0.022134
v -0.394670 0.778883 0.189484
v -0.449157 0.826347 0.156370
v -0.570006 0.898097 0.044084
v -0.357968 1.003338 -0.048978
v -0.265659 0.656400 0.512697
v -0.250914 0.626239 0.292107
v 0.006974 0.639701 0.455909
v -0.067229 0.659467 0.253484
v -0.242459 0.759926 0.234696
v -0.241698 0.923215 0.159893
v -0.236922 0.989297 0.050027
v -0.017200 0.710302 0.217911
v -0.067403 0.851920 0.143490
v -0.054081 0.942706 -0.013748
v -0.246853 1.028732 -0.039816
v -0.141482 0.987998 -0.060478
v -0.903557 -0.879915 -0.259546
v -0.882538 -1.022474 -0.452182
v -0.932430 -0.946078 -0.388077
v -0.756754 -1.074900 -0.230489
v -0.812735 -0.967803 -0.174471
v -0.790053 -1.129953 -0.391621
v -0.866626 -0.999312 -0.330529
v -0.885745 -1.025065 -0.525380
v -0.952667 -0.941581 -0.568872
v -0.931170 -0.882616 -0.742288
v -0.820638 -1.101806 -0.585947
v -0.869650 -1.008040 -0.645966
v -0.758191 -1.069523 -0.730398
v -0.841391 -0.985756 -0.755473
v -1.076334 -0.491266 -0.208821
v -1.079772 -0.493888 -0.392108
v -1.257783 -0.314299 -0.208615
v -1.326572 -0.211969 -0.207170
v -1.258935 -0.316149 -0.392168
v -1.327327 -0.211246 -0.393518
v -1.177844 -0.415073 -0.206707
v -1.181539 -0.417888 -0.393538
v -1.063303 -0.478000 -0.498448
v -1.242233 -0.299144 -0.497691
v -1.282406 -0.207107 -0.569410
v -1.249887 -0.138623 -0.682772
v -1.155963 -0.390788 -0.565646
v -1.222594 -0.262485 -0.621335
v -1.104420 -0.340304 -0.717718
v -1.160229 -0.220953 -0.771968
v -0.930743 -0.746868 -0.221050
v -0.936471 -0.577017 -0.211355
v -0.999129 -0.747699 -0.384913
v -1.006010 -0.542041 -0.385794
v -0.869724 -0.745534 -0.132759
v -0.869535 -0.578532 -0.114323
v -1.016363 -0.763471 -0.583119
v -1.025413 -0.482470 -0.570242
v -0.978559 -0.759792 -0.770507
v -0.985710 -0.561295 -0.760243
v -1.008515 -0.478501 -0.612656
v -0.955197 -0.445520 -0.758547
v -1.042918 -0.278048 -0.831934
v -0.879123 -0.839678 -0.848021
v -0.796744 -0.894363 -0.902930
v -1.090696 -0.160600 -0.875884
v -0.912045 -0.746660 -0.883824
v -0.922649 -0.572221 -0.902131
v -0.817595 -0.759346 -0.996926
v -0.850751 -0.563736 -0.993901
v -0.741756 -0.734953 -1.068820
v -0.757003 -0.569179 -1.078686
v -0.891899 -0.380562 -0.858000
v -0.962985 -0.200578 -0.957732
v -0.876961 -0.112719 -1.024139
v -0.818407 -0.312897 -0.936511
v -0.758862 -0.302074 -0.976438
v -0.732143 -0.418722 -1.056165
v -0.787795 -0.143602 -1.047997
v -0.548473 -1.212611 -0.273474
v -0.591512 -1.245224 -0.390519
v -0.425220 -1.233191 -0.247324
v -0.427783 -1.291048 -0.390843
v -0.629784 -1.135589 -0.185953
v -0.693018 -1.013065 -0.121123
v -0.681069 -1.197785 -0.385784
v -0.425225 -1.176470 -0.154761
v -0.589779 -1.251725 -0.565854
v -0.542545 -1.209349 -0.685625
v -0.431153 -1.297930 -0.582360
v -0.427554 -1.239333 -0.727858
v -0.680218 -1.200582 -0.576526
v -0.623057 -1.121882 -0.769845
v -0.694178 -1.014116 -0.842558
v -0.425959 -1.180263 -0.815580
v -0.240052 -1.229367 -0.253783
v -0.243005 -1.288787 -0.392048
v -0.132188 -1.203932 -0.283546
v -0.091428 -1.236772 -0.386004
v -0.239449 -1.175859 -0.160941
v -0.027064 -1.110345 -0.182667
v 0.025588 -1.011854 -0.122861
v -0.000704 -1.186322 -0.387151
v -0.243459 -1.303374 -0.579884
v -0.236370 -1.251611 -0.768235
v -0.071622 -1.252463 -0.579686
v -0.106090 -1.235257 -0.732573
v -0.236455 -1.204588 -0.842324
v 0.020121 -1.196203 -0.572164
v -0.049245 -1.194841 -0.786115
v -0.577269 -1.054972 -0.888312
v -0.639180 -0.952601 -0.961500
v -0.575876 -0.878975 -1.062678
v -0.418221 -1.081835 -0.947645
v -0.470012 -0.996095 -1.005650
v -0.348633 -1.020169 -1.029127
v -0.391190 -0.902625 -1.128055
v -0.221268 -1.150814 -0.929044
v -0.234755 -1.036226 -1.046704
v -0.242800 -0.944364 -1.129658
v -0.059614 -1.092118 -0.954761
v -0.005480 -0.985142 -1.005399
v -0.132137 -1.023878 -1.032049
v -0.055136 -0.931634 -1.080429
v -0.692714 -0.832188 -1.022271
v -0.632424 -0.744453 -1.135349
v -0.616392 -0.563652 -1.168996
v -0.441747 -0.773072 -1.188955
v -0.436668 -0.567449 -1.216761
v -0.683887 -0.301986 -1.016236
v -0.676766 -0.266719 -0.996830
v -0.601720 -0.377357 -1.126784
v -0.598623 -0.235934 -1.031169
v -0.331582 -0.324384 -1.163988
v -0.453370 -0.176797 -1.037880
v -0.366232 -0.674119 -1.212776
v -0.366311 -0.610464 -1.218185
v -0.336621 -0.136428 -1.208023
v -0.251714 -0.759041 -1.203441
v -0.182273 -0.541929 -1.201182
v -0.009424 -0.710778 -1.144134
v -0.115044 -0.616886 -1.169861
v -0.303472 -0.391248 -1.169762
v -0.327592 -0.257407 -1.194445
v -0.302994 -0.673700 -1.210535
v -0.165449 -0.556499 -1.201305
v 0.011882 -0.661804 -1.214144
v -0.153696 -0.520949 -1.260440
v -0.223242 -0.390172 -1.274374
v -0.253802 -0.193788 -1.316653
v -0.153808 -0.124966 -1.385949
v -0.080862 -0.402090 -1.371212
v -0.141167 -0.246524 -1.380719
v -0.022176 -0.346278 -1.414757
v -0.066992 -0.198163 -1.438109
v -1.392548 -0.025352 -0.207837
v -1.410718 0.160657 -0.208334
v -1.389525 -0.025119 -0.393804
v -1.403481 0.160548 -0.393939
v -1.385764 0.345707 -0.208551
v -1.320545 0.531829 -0.208114
v -1.378068 0.345743 -0.394127
v -1.299693 0.547688 -0.410412
v -1.235471 0.610292 -0.477958
v -1.341339 -0.024738 -0.579285
v -1.353386 0.160628 -0.578941
v -1.273347 -0.023085 -0.712103
v -1.278868 0.160513 -0.722296
v -1.212577 -0.023554 -0.804991
v -1.218552 0.160447 -0.813408
v -1.324860 0.345427 -0.578812
v -1.273076 0.487355 -0.577240
v -1.263478 0.343556 -0.697294
v -1.239912 0.439740 -0.668195
v -1.226961 0.579319 -0.577436
v -1.206057 0.344841 -0.791994
v -1.156960 0.522442 -0.757131
v -1.037833 0.589977 -0.826043
v -1.255707 0.632189 -0.209080
v -1.253202 0.630534 -0.358309
v -1.181743 0.733545 -0.207326
v -1.079479 0.814564 -0.208911
v -1.183469 0.728476 -0.399936
v -1.079693 0.814667 -0.392372
v -1.135112 0.714240 -0.573005
v -1.061641 0.797198 -0.495017
v -1.094521 0.654279 -0.709203
v -0.976324 0.885557 -0.207314
v -0.976934 0.887700 -0.393718
v -0.789584 0.951985 -0.207486
v -0.789954 0.956734 -0.393168
v -1.029759 0.775756 -0.618986
v -0.973761 0.842308 -0.567878
v -0.982580 0.719615 -0.769138
v -0.905739 0.811120 -0.689153
v -0.790425 0.917003 -0.579853
v -0.788272 0.775134 -0.817845
v -0.789195 0.843047 -0.728384
v -1.122257 -0.024321 -0.907036
v -1.132498 0.160589 -0.918527
v -1.112666 0.344520 -0.899326
v -1.080137 0.469869 -0.866922
v -1.001527 -0.024934 -1.001732
v -1.020110 0.160535 -1.006291
v -0.906146 -0.023583 -1.048535
v -0.927645 0.160499 -1.058286
v -0.789861 -0.025611 -1.091454
v -0.789519 0.160378 -1.111475
v -0.975921 0.363485 -1.005001
v -0.949393 0.536584 -0.948145
v -0.909741 0.311463 -1.047955
v -0.873779 0.429768 -1.022888
v -0.807563 0.534473 -1.011781
v -0.807697 0.363429 -1.079889
v -0.755964 0.472300 -1.050977
v -0.919954 0.648725 -0.876393
v -0.789390 0.686146 -0.910889
v -0.165445 0.599028 -0.832243
v -0.121400 0.575937 -0.813825
v -0.603968 0.972281 -0.207501
v -0.603980 0.975350 -0.392906
v -0.419429 0.948560 -0.205226
v -0.418645 0.953549 -0.393101
v -0.357287 0.991318 -0.149302
v -0.603722 0.936300 -0.578459
v -0.604042 0.789177 -0.835305
v -0.603579 0.857565 -0.748556
v -0.418239 0.912116 -0.578644
v -0.420201 0.774891 -0.816761
v -0.419521 0.839664 -0.725777
v -0.271633 0.924589 -0.328443
v -0.240372 0.900712 -0.322297
v -0.008875 0.748732 -0.306989
v -0.078354 0.910748 -0.245840
v -0.020505 0.765857 -0.298864
v -0.117895 0.829402 -0.329194
v -0.247844 1.013087 -0.161045
v -0.143612 0.979068 -0.135257
v -0.179005 0.777871 -0.624655
v -0.235263 0.841043 -0.571118
v -0.222856 0.719636 -0.775601
v -0.301187 0.810303 -0.688680
v 0.020706 0.649297 -0.592697
v -0.141776 0.800377 -0.502100
v -0.071292 0.615963 -0.743550
v -0.603845 -0.025349 -1.111698
v -0.603788 0.160209 -1.133369
v -0.413655 -0.004396 -1.092419
v -0.366465 0.146138 -1.099056
v -0.604053 0.583519 -1.014416
v -0.604004 0.346003 -1.113750
v -0.604085 0.491631 -1.061158
v -0.418982 0.558312 -1.003687
v -0.419408 0.345260 -1.088483
v -0.420150 0.464084 -1.047670
v -0.337084 -0.078048 -1.208359
v -0.329269 0.042765 -1.197404
v -0.374650 0.164693 -1.091385
v -0.197122 0.484508 -0.950677
v -0.300389 0.352956 -1.045498
v -0.256899 0.412730 -1.000756
v -0.163118 0.560899 -0.864464
v -0.124969 0.409213 -1.176239
v -0.071853 0.498426 -1.123320
v -0.251114 -0.019648 -1.321917
v -0.229398 0.168133 -1.281322
v -0.154769 -0.085035 -1.387402
v -0.145134 0.036000 -1.381554
v -0.114962 0.166273 -1.370660
v -0.066723 -0.025944 -1.444108
v -0.022056 0.165864 -1.419489
v -0.184289 0.288303 -1.236182
v -0.055059 0.338086 -1.314630
v -0.002777 0.450896 -1.225882
v 0.021096 0.256057 -1.387624
v -0.604270 0.705606 -0.929622
v -0.419084 0.686327 -0.911673
v -0.283040 0.649081 -0.876955
v 0.006604 0.623867 -0.879319
v 0.186089 -0.852049 0.647969
v 0.339577 -0.861266 0.817822
v 0.297189 -0.909701 0.682585
v 0.478604 -0.877676 0.835538
v 0.481960 -0.935259 0.708986
v 0.606914 -0.855343 0.812974
v 0.648906 -0.892251 0.698848
v 0.198618 -0.504891 0.972830
v 0.344796 -0.684943 0.988310
v 0.310985 -0.569246 1.030326
v 0.197530 -0.429322 0.974968
v 0.292181 -0.357248 1.017636
v 0.339059 -0.260925 0.986814
v 0.144003 -0.719045 0.848009
v 0.096641 -0.580702 0.893733
v 0.095162 -0.772981 0.715840
v 0.037117 -0.632673 0.766444
v 0.276133 -0.779242 0.912027
v 0.224942 -0.626407 0.956906
v 0.221608 -0.826751 0.767621
v 0.104185 -0.382790 0.921056
v 0.138311 -0.183601 0.910322
v 0.219502 -0.308611 0.960812
v 0.268679 -0.184735 0.943098
v 0.492076 -0.700322 1.004981
v 0.484312 -0.577205 1.056544
v 0.603980 -0.680286 0.983903
v 0.653686 -0.548117 1.015026
v 0.481687 -0.385730 1.051747
v 0.485417 -0.253402 0.994541
v 0.653985 -0.410417 1.008870
v 0.589844 -0.276442 0.973746
v 0.474409 -0.801028 0.939241
v 0.686401 -0.767001 0.903306
v 0.732089 -0.578078 0.957133
v 0.737423 -0.829978 0.707566
v 0.445820 -0.099026 0.910960
v 0.725737 -0.375952 0.953372
v 0.655163 -0.121685 0.859261
v 0.177238 -0.859849 0.514040
v 0.194737 -0.842244 0.399820
v 0.294412 -0.915101 0.506903
v 0.304639 -0.876791 0.356550
v 0.107770 -0.890554 -0.005380
v 0.297055 -0.903307 -0.050489
v 0.490168 -0.935029 0.502034
v 0.476070 -0.882375 0.354610
v 0.649423 -0.893613 0.524036
v 0.605079 -0.853868 0.388674
v 0.078400 -0.800708 0.512006
v 0.040127 -0.721263 0.252239
v 0.290627 -0.832587 0.270794
v 0.096619 -0.665382 0.122754
v 0.117418 -0.800952 0.038114
v 0.296811 -0.698212 0.071281
v 0.316154 -0.651070 0.056672
v 0.294950 -0.773638 0.047608
v 0.332759 -0.627544 0.050740
v 0.489271 -0.825201 0.261906
v 0.736532 -0.827300 0.496967
v 0.687981 -0.771008 0.307984
v 0.740009 -0.630613 0.254923
v 0.474337 -0.749520 0.157572
v 0.515507 -0.535793 0.002837
v 0.425034 -0.715662 -0.076557
v 0.426215 -0.531970 -0.018063
v 0.624717 -0.702058 0.194139
v 0.685933 -0.552702 0.135179
v 0.621594 -0.521406 -0.118467
v 0.791199 -0.701102 0.829983
v 0.831008 -0.565459 0.866242
v 0.830837 -0.746416 0.678498
v 0.899507 -0.571386 0.709421
v 0.815080 -0.402216 0.875709
v 0.782537 -0.236344 0.800949
v 0.896441 -0.321512 0.668501
v 0.842919 -0.291342 0.730876
v 0.965902 -0.135442 0.801518
v 0.975970 -0.317373 0.632845
v 1.038416 -0.217958 0.713200
v 1.164759 -0.166842 0.654907
v 0.826377 -0.746163 0.526845
v 0.917426 -0.445509 0.388206
v 0.788301 -0.697771 0.371163
v 0.862037 -0.503764 0.326652
v 0.949838 -0.482239 0.276738
v 0.902880 -0.429074 0.508910
v 0.878660 -0.474026 0.407332
v 1.038085 -0.365680 0.529442
v 1.095151 -0.279926 0.586483
v 1.022218 -0.449122 0.338699
v 0.759474 -0.555362 0.233344
v 0.843121 -0.504388 -0.032258
v 0.958955 -0.491131 0.150856
v 0.947190 -0.480023 0.031381
v 0.900197 -0.466189 -0.090057
v 1.052825 -0.453031 0.150788
v 1.020314 -0.444056 -0.033358
v 1.146653 -0.320297 0.467809
v 1.221663 -0.225847 0.532558
v 1.181538 -0.350585 0.335125
v 1.272433 -0.266640 0.334722
v 1.313613 -0.139857 0.458296
v 1.342195 -0.174899 0.335189
v 1.196836 -0.364153 0.150572
v 1.283875 -0.280147 0.150674
v 1.177385 -0.347729 -0.034181
v 1.267530 -0.262422 -0.033369
v 1.357543 -0.192944 0.150742
v 1.339727 -0.170572 -0.033256
v 0.388907 0.054475 0.965932
v 0.389050 0.070834 0.964148
v 0.126765 -0.014429 0.866196
v 0.162381 0.184859 0.840068
v 0.036515 0.025661 0.752101
v 0.044475 0.152489 0.723063
v 0.338890 -0.028316 0.958244
v 0.312121 0.143947 0.937686
v 0.164714 0.260642 0.801953
v 0.202744 0.444612 0.787999
v 0.017201 0.315475 0.681674
v 0.113455 0.516499 0.701261
v 0.318678 0.271069 0.892868
v 0.293336 0.516608 0.829726
v 0.237448 0.568226 0.767484
v 0.405083 0.054470 0.967785
v 0.405120 0.070934 0.965967
v 0.713949 0.248521 0.967306
v 0.713957 0.266894 0.967874
v 0.396924 -0.017397 0.945431
v 0.510198 0.145636 0.951865
v 0.562374 -0.151960 0.883647
v 0.656065 0.175792 0.963892
v 0.474817 0.342697 0.944108
v 0.474257 0.528448 0.904532
v 0.655633 0.333834 0.972032
v 0.659958 0.528385 0.935331
v 0.162941 0.662900 0.647605
v 0.361187 0.636962 0.799849
v 0.284573 0.718695 0.709691
v 0.344044 0.824435 0.638107
v 0.475391 0.677058 0.832408
v 0.476252 0.767525 0.766445
v 0.474957 0.861108 0.677601
v 0.659823 0.705076 0.853774
v 0.660345 0.790313 0.784061
v 0.659729 0.884765 0.702482
v 0.045110 0.577769 0.577924
v 0.102647 0.718282 0.527991
v 0.175781 0.822031 0.466914
v 0.050353 0.767017 0.334897
v 0.139732 0.854192 0.335524
v 0.226055 0.778563 0.585286
v 0.281502 0.874439 0.529500
v 0.292161 0.954610 0.351600
v 0.357707 0.995148 0.299314
v 0.018689 0.776204 0.099986
v 0.018162 0.787982 0.095861
v 0.094714 0.797905 -0.116266
v 0.251854 0.955603 0.150901
v 0.293452 0.952391 -0.045906
v 0.343585 1.003317 0.150872
v 0.359900 0.992378 0.009443
v 0.458534 0.960133 0.525318
v 0.393080 0.971870 0.418009
v 0.660262 0.966645 0.579218
v 0.511000 0.999815 0.463707
v 0.458322 1.026629 0.352000
v 0.660203 1.015685 0.488901
v 0.659818 1.065885 0.335943
v 0.399818 0.969864 -0.109744
v 0.474839 1.054270 0.150750
v 0.463147 1.022487 -0.046236
v 0.659897 1.083973 0.150685
v 0.660033 1.060779 -0.035117
v 0.751644 0.248597 0.964152
v 0.751671 0.266926 0.964573
v 0.845616 -0.028648 0.903892
v 0.827171 0.174693 0.960301
v 1.032810 -0.027151 0.840059
v 1.032914 0.157174 0.893887
v 1.087666 -0.081475 0.769826
v 0.827187 0.334028 0.963072
v 0.846237 0.528893 0.921113
v 1.033947 0.343461 0.896763
v 1.017647 0.527551 0.858863
v 1.093957 0.581770 0.769012
v 1.128601 0.040574 0.796490
v 1.149106 0.158899 0.815979
v 1.220710 -0.025073 0.704183
v 1.248790 0.158172 0.730516
v 1.302547 0.043354 0.615315
v 1.317468 0.159233 0.631377
v 1.147340 0.342453 0.814828
v 1.126081 0.459861 0.795304
v 1.253866 0.353525 0.712440
v 1.208330 0.530928 0.692527
v 1.311383 0.305576 0.624879
v 0.845805 0.689990 0.842917
v 0.844624 0.778634 0.774888
v 0.846857 0.872157 0.689211
v 0.973916 0.650062 0.811467
v 1.042013 0.726927 0.723894
v 0.985920 0.835041 0.648989
v 1.153627 0.665355 0.651356
v 1.280500 -0.079099 0.580025
v 1.346056 -0.024372 0.523492
v 1.383013 0.159014 0.522111
v 1.415516 -0.027950 0.336929
v 1.442575 0.159511 0.336097
v 1.291294 0.424985 0.599072
v 1.287240 0.543108 0.533695
v 1.291875 0.609189 0.417979
v 1.349313 0.358351 0.534630
v 1.325291 0.492196 0.482360
v 1.416696 0.343746 0.335025
v 1.347680 0.542254 0.350122
v 1.439277 -0.028489 0.151137
v 1.468715 0.158977 0.151685
v 1.418243 -0.029022 -0.035328
v 1.457151 0.158541 -0.034028
v 1.447339 0.343757 0.152077
v 1.392584 0.526768 0.152244
v 1.446135 0.344184 -0.032723
v 1.395504 0.528523 -0.032108
v 0.845505 0.959638 0.561279
v 1.101516 0.781237 0.588048
v 1.026903 0.905851 0.520398
v 1.068388 0.949551 0.335485
v 0.845088 1.005101 0.468265
v 0.846224 1.050641 0.336537
v 0.942121 0.978411 0.433397
v 0.973785 1.002851 0.334720
v 1.087672 0.960948 0.151241
v 1.068130 0.956960 -0.033808
v 0.846222 1.070671 0.150719
v 0.846434 1.046871 -0.035417
v 0.997833 1.016684 0.151093
v 0.973769 1.003215 -0.033240
v 1.196781 0.723352 0.529012
v 1.141218 0.823324 0.469258
v 1.269086 0.707018 0.350153
v 1.172399 0.855793 0.335164
v 1.311607 0.642308 0.298555
v 1.276752 0.758013 0.151695
v 1.193786 0.876165 0.151867
v 1.274105 0.757256 -0.031974
v 1.186966 0.866454 -0.033939
v 1.327919 0.666563 0.151819
v 1.329578 0.664587 -0.031309
v 0.087647 -1.069611 -0.258282
v 0.019930 -1.064455 -0.176239
v 0.150769 -1.069541 -0.364589
v 0.199682 -1.008984 -0.475484
v 0.236578 -1.033500 -0.262424
v 0.339125 -0.975869 -0.185879
v 0.236134 -1.045244 -0.374857
v 0.319188 -0.991208 -0.407958
v 0.125442 -1.122543 -0.570044
v 0.205052 -1.006518 -0.572492
v 0.104273 -1.090275 -0.760240
v 0.178716 -0.971707 -0.752639
v 0.304488 -0.889632 -0.579730
v 0.220112 -0.904173 -0.736925
v 0.420457 -0.874940 -0.217030
v 0.462646 -0.801358 -0.388803
v 0.367611 -0.870600 -0.504310
v 0.484907 -0.877439 -0.752683
v 0.572542 -0.834529 -0.656263
v 0.576867 -0.844805 -0.752504
v 0.388113 -0.831074 -0.122493
v 0.504794 -0.684234 -0.202954
v 0.464284 -0.652832 -0.151432
v 0.453950 -0.801692 -0.377822
v 0.602711 -0.673339 -0.274060
v 0.694378 -0.497792 -0.134593
v 0.669731 -0.713531 -0.385905
v 0.724722 -0.633140 -0.332016
v 0.527565 -0.831845 -0.532650
v 0.653961 -0.799036 -0.581818
v 0.674348 -0.808269 -0.752681
v 0.060568 -1.046544 -0.879854
v 0.199168 -0.878326 -0.895740
v 0.043611 -0.858330 -1.036521
v 0.217207 -0.865061 -0.978579
v 0.484380 -0.862852 -0.893189
v 0.571878 -0.834216 -0.846587
v 0.118536 -0.836542 -0.980957
v 0.036021 -0.807631 -1.066061
v 0.313844 -0.840984 -1.024316
v 0.316428 -0.802669 -1.123025
v 0.115119 -0.690161 -1.242434
v 0.101606 -0.566302 -1.350199
v 0.168934 -0.480049 -1.392896
v 0.300309 -0.699099 -1.249834
v 0.278268 -0.582932 -1.342640
v 0.227923 -0.477645 -1.387666
v 0.047924 -0.463519 -1.381829
v 0.117834 -0.400245 -1.430790
v 0.095292 -0.205485 -1.476433
v 0.349560 -0.442642 -1.380287
v 0.294939 -0.384908 -1.414235
v 0.301754 -0.202981 -1.448766
v 0.484413 -0.838315 -0.986200
v 0.497782 -0.764619 -1.139281
v 0.565209 -0.649712 -1.201547
v 0.674757 -0.777265 -0.959478
v 0.671930 -0.707637 -1.087397
v 0.689863 -0.614284 -1.170465
v 0.745888 -0.463588 -1.201039
v 0.447250 -0.681926 -1.231947
v 0.502177 -0.597604 -1.276021
v 0.632189 -0.535951 -1.246029
v 0.478604 -0.383532 -1.359930
v 0.534989 -0.202214 -1.376691
v 0.412999 -0.320791 -1.393299
v 0.444443 -0.202331 -1.408885
v 0.680997 -0.397948 -1.268288
v 0.666304 -0.203000 -1.321020
v 0.776102 -0.459123 -0.196758
v 0.768498 -0.667844 -0.454381
v 0.851786 -0.565329 -0.393813
v 0.936890 -0.480204 -0.470377
v 0.831632 -0.428785 -0.241338
v 0.901176 -0.374211 -0.274838
v 1.030451 -0.356611 -0.221361
v 1.085576 -0.273730 -0.277125
v 0.967391 -0.309701 -0.323244
v 1.015618 -0.199773 -0.417568
v 0.797961 -0.694759 -0.568959
v 0.894728 -0.604889 -0.567476
v 0.815328 -0.710560 -0.752540
v 0.906312 -0.620207 -0.752502
v 0.961031 -0.508505 -0.569026
v 0.974781 -0.527945 -0.752504
v 1.026017 -0.389786 -0.566658
v 1.073732 -0.204425 -0.567287
v 1.050869 -0.391009 -0.752680
v 1.097068 -0.204181 -0.752753
v 1.140847 -0.315140 -0.156691
v 1.217033 -0.214316 -0.221412
v 1.155511 -0.155831 -0.341202
v 1.311090 -0.135397 -0.150185
v 0.796078 -0.695149 -0.934179
v 0.904705 -0.584066 -0.949282
v 0.760431 -0.661075 -1.035164
v 0.813808 -0.557748 -1.116003
v 0.964401 -0.511375 -0.902117
v 0.929216 -0.467748 -1.018947
v 0.888193 -0.426581 -1.124369
v 0.895192 -0.202894 -1.177318
v 1.016375 -0.405024 -0.930724
v 1.069379 -0.204430 -0.938596
v 0.964921 -0.351369 -1.061317
v 0.988029 -0.204131 -1.089615
v 0.777277 -0.344057 -1.222998
v 0.801897 -0.202323 -1.240759
v 0.710785 0.584013 -0.588264
v 0.693502 0.587582 -0.752561
v 0.073754 0.706845 -0.202583
v 0.085148 0.774084 -0.144968
v 0.096374 0.622452 -0.341138
v 0.228251 0.779225 -0.283204
v 0.284944 0.868473 -0.226324
v 0.319319 0.671951 -0.479334
v 0.347644 0.818852 -0.329683
v 0.015829 0.655269 -0.537705
v 0.114514 0.681814 -0.753575
v 0.287903 0.680868 -0.482608
v 0.299441 0.702120 -0.753371
v 0.463418 0.951873 -0.218178
v 0.479994 0.747827 -0.444329
v 0.476196 0.851839 -0.364418
v 0.660207 0.957411 -0.264463
v 0.660472 0.773350 -0.468975
v 0.660211 0.871303 -0.384521
v 0.518895 0.993198 -0.151902
v 0.660169 1.007046 -0.172838
v 0.490934 0.658301 -0.507764
v 0.484720 0.679717 -0.753084
v 0.628964 0.611517 -0.583805
v 0.606463 0.634805 -0.752598
v 0.052801 0.606035 -1.000006
v 0.110963 0.583400 -1.115605
v 0.299390 0.589636 -1.149569
v 0.103248 -0.015584 -1.487087
v 0.111424 0.169784 -1.460547
v 0.301859 -0.020668 -1.464209
v 0.301981 0.164077 -1.455646
v 0.113672 0.380744 -1.356575
v 0.114469 0.483396 -1.259218
v 0.115874 0.283236 -1.410636
v 0.300206 0.389298 -1.366128
v 0.299582 0.498142 -1.273628
v 0.300556 0.294610 -1.415697
v 0.549825 0.607118 -1.003548
v 0.490250 0.583614 -1.116502
v 0.664625 0.588083 -0.944237
v 0.722327 0.404714 -1.179726
v 0.669107 0.500262 -1.125044
v 0.554571 -0.020651 -1.383022
v 0.541716 0.161340 -1.381203
v 0.465009 -0.020746 -1.417768
v 0.451567 0.161882 -1.414942
v 0.666003 -0.020794 -1.335724
v 0.669302 0.162674 -1.328915
v 0.484395 0.357082 -1.356516
v 0.484358 0.482354 -1.255450
v 0.418994 0.273194 -1.396639
v 0.673078 0.332970 -1.281296
v 0.598685 0.450230 -1.222685
v 0.112265 0.649285 -0.940506
v 0.173549 0.622613 -1.042059
v 0.299222 0.675167 -0.937807
v 0.299307 0.633911 -1.054671
v 0.489416 0.651720 -0.943204
v 0.429355 0.624046 -1.043731
v 0.592622 0.625102 -0.883080
v 1.055321 -0.056468 -0.480128
v 1.087988 0.577526 -0.469419
v 1.068984 0.009719 -0.498300
v 1.068401 0.164729 -0.552118
v 1.099371 -0.018703 -0.752717
v 1.063852 0.163511 -0.753414
v 0.850204 0.569476 -0.571106
v 0.912068 0.408430 -0.817125
v 0.831765 0.526230 -0.750903
v 1.050469 0.374179 -0.556911
v 0.975017 0.459238 -0.587366
v 0.999154 0.362156 -0.765005
v 0.953198 0.453329 -0.700713
v 1.276047 -0.073607 -0.273673
v 1.209265 -0.012420 -0.398190
v 1.234977 0.157247 -0.430534
v 1.348072 -0.021821 -0.220050
v 1.397651 0.159911 -0.218755
v 1.301470 0.050106 -0.311005
v 1.320436 0.158768 -0.331519
v 1.281909 0.581183 -0.277353
v 1.240775 0.342799 -0.433550
v 1.217653 0.524873 -0.406331
v 1.394612 0.344204 -0.220485
v 1.344928 0.526354 -0.220554
v 1.321837 0.342072 -0.333613
v 1.303626 0.458616 -0.314353
v 1.116670 0.061747 -0.484290
v 1.136214 0.158638 -0.502186
v 1.140925 0.341753 -0.505453
v 1.123661 0.454930 -0.489594
v 0.845006 0.953756 -0.251438
v 0.844041 0.762444 -0.462274
v 0.845330 0.862046 -0.374413
v 1.104274 0.785816 -0.292579
v 1.034390 0.901801 -0.222112
v 1.054307 0.730438 -0.404139
v 0.988722 0.831499 -0.341765
v 0.844144 1.000002 -0.157044
v 0.940547 0.976717 -0.127984
v 0.844126 0.670625 -0.523368
v 0.965814 0.638525 -0.498865
v 1.232005 0.722157 -0.230167
v 1.153557 0.832300 -0.176716
v 1.167045 0.673911 -0.354788
v 1.310204 0.637616 -0.155062
v 0.905586 -0.020542 -1.183191
v 0.906955 0.180870 -1.156371
v 1.076302 -0.017225 -0.934379
v 1.033140 0.168710 -0.940835
v 0.990405 -0.021181 -1.102582
v 0.972431 0.146672 -1.085639
v 0.896029 0.384060 -0.935873
v 0.811964 0.487320 -0.938002
v 0.845817 0.337038 -1.129320
v 0.775958 0.453566 -1.055909
v 0.985369 0.276542 -0.912329
v 0.938257 0.261768 -1.034682
v 0.814504 -0.020714 -1.250710
v 0.803349 0.162626 -1.246441
v 0.773745 0.281078 -1.223348
vn -0.6604 -0.6652 0.3483
vn -0.7497 -0.4494 0.4858
vn -0.8544 -0.4865 0.1826
vn -0.6940 -0.7076 0.1325
vn -0.4058 -0.6754 0.6157
vn -0.1804 -0.7254 0.6643
vn -0.2501 -0.5093 0.8235
vn -0.5141 -0.4489 0.7309
vn -0.4090 -0.3138 0.8569
vn -0.1998 -0.3986 0.8951
vn -0.4668 -0.7765 0.4232
vn -0.4992 -0.8556 0.1372
vn -0.3191 -0.9121 0.2576
vn -0.2019 -0.8774 0.4352
vn -0.5990 -0.5707 0.5617
vn -0.1232 -0.9362 0.3293
vn -0.2279 -0.9574 0.1772
vn -0.3649 -0.9277 0.0781
vn -0.6950 -0.3082 0.6497
vn -0.6906 -0.7075 -0.1501
vn -0.8424 -0.5062 -0.1849
vn -0.7486 -0.5138 -0.4190
vn -0.6608 -0.6689 -0.3405
vn -0.6015 -0.6138 0.5113
vn -0.7144 -0.4455 0.5397
vn -0.7421 -0.5229 0.4194
vn -0.6533 -0.6728 0.3472
vn -0.7800 -0.5706 0.2571
vn -0.8302 -0.4431 0.3384
vn -0.7945 -0.3654 0.4850
vn -0.4927 -0.8566 -0.1533
vn -0.5153 -0.7752 -0.3655
vn -0.4088 -0.8416 -0.3530
vn -0.3936 -0.8883 -0.2368
vn -0.3805 -0.7963 0.4702
vn -0.4520 -0.8223 0.3458
vn -0.3765 -0.8312 0.4091
vn -0.3581 -0.8092 0.4658
vn -0.6393 -0.6110 -0.4668
vn -0.4745 -0.7119 0.5178
vn -0.5711 -0.5601 0.6001
vn -0.5062 -0.7580 0.4113
vn -0.6427 -0.5941 -0.4838
vn -0.5275 -0.7258 -0.4416
vn -0.4043 -0.8063 -0.4318
vn -0.2476 -0.9661 -0.0733
vn -0.4195 -0.8793 -0.2256
vn -0.3688 -0.9281 -0.0518
vn -0.3509 -0.8003 0.4863
vn -0.9835 0.1805 -0.0128
vn -0.5374 -0.8026 0.2587
vn -0.8008 -0.4107 -0.4359
vn 0.0913 -0.7279 0.6796
vn 0.3383 -0.6774 0.6533
vn 0.3672 -0.5061 0.7804
vn 0.0982 -0.5686 0.8168
vn 0.0888 -0.4329 0.8971
vn 0.2982 -0.3906 0.8709
vn 0.0629 -0.9310 0.3595
vn 0.0151 -0.9773 0.2114
vn 0.2389 -0.9352 0.2615
vn 0.2031 -0.9056 0.3723
vn 0.5163 -0.6843 0.5150
vn 0.6284 -0.6267 0.4608
vn 0.6749 -0.4728 0.5666
vn 0.6152 -0.5079 0.6029
vn 0.5131 -0.7837 0.3500
vn 0.6123 -0.6991 0.3693
vn 0.4554 -0.6273 0.6317
vn 0.5371 -0.4610 0.7064
vn 0.3306 -0.7913 0.5144
vn 0.3490 -0.8672 0.3552
vn 0.0829 -0.8652 0.4946
vn -0.7813 -0.1605 0.6031
vn -0.7613 -0.0069 0.6484
vn -0.8563 -0.1635 0.4898
vn -0.8357 -0.3399 0.4313
vn 0.3685 -0.9009 0.2295
vn -0.3458 -0.6434 0.6829
vn -0.1231 -0.6927 0.7106
vn -0.1411 -0.5635 0.8140
vn -0.4208 -0.4925 0.7618
vn -0.3243 -0.4020 0.8563
vn -0.1761 -0.4599 0.8704
vn 0.1621 -0.7096 0.6857
vn 0.3462 -0.6816 0.6447
vn 0.3088 -0.6195 0.7217
vn 0.1178 -0.5962 0.7942
vn 0.1067 -0.4977 0.8608
vn 0.2686 -0.4785 0.8360
vn -0.1010 -0.6689 0.7364
vn -0.0357 -0.5871 0.8087
vn -0.0610 -0.6190 0.7830
vn 0.0424 -0.4747 0.8791
vn 0.0636 -0.4455 0.8930
vn 0.1985 0.1379 0.9704
vn -0.5791 -0.3114 0.7534
vn -0.5796 -0.3116 0.7530
vn -0.5950 -0.3165 0.7387
vn 0.0250 -0.3909 0.9201
vn 0.0442 -0.4455 0.8942
vn -0.0447 -0.1050 0.9935
vn -0.0456 -0.0756 0.9961
vn 0.0900 -0.5707 0.8162
vn -0.6116 -0.3217 0.7228
vn 0.0992 -0.3949 0.9133
vn -0.7894 -0.6136 0.0183
vn -0.8262 -0.5630 0.0214
vn -0.8388 -0.5439 0.0226
vn -0.0771 -0.9967 0.0236
vn 0.1783 -0.9820 0.0624
vn -0.0501 0.0948 0.9942
vn -0.7412 -0.6707 -0.0283
vn -0.1167 -0.9764 -0.1819
vn -0.0089 -0.9950 0.0998
vn -0.6706 -0.2090 0.7118
vn -0.5265 -0.2763 0.8040
vn -0.6137 -0.1014 0.7830
vn -0.6940 -0.0861 0.7148
vn 0.6277 0.3724 -0.6836
vn -0.8776 -0.4787 0.0262
vn -0.9282 -0.3620 0.0858
vn -0.9245 -0.3701 -0.0915
vn 0.2091 -0.9630 0.1700
vn -0.7868 -0.5566 0.2668
vn -0.8822 -0.3690 0.2926
vn -0.7425 -0.6522 0.1528
vn 0.4868 -0.8406 0.2377
vn 0.5816 -0.7757 0.2451
vn 0.3595 -0.9091 0.2105
vn -0.9130 -0.2353 0.3333
vn -0.3701 -0.3694 0.8524
vn -0.1526 -0.4301 0.8898
vn 0.2895 -0.5101 0.8099
vn 0.3543 -0.5066 0.7860
vn 0.0426 -0.4538 0.8901
vn -0.5988 -0.4110 0.6874
vn -0.9084 -0.0616 0.4136
vn -0.8992 0.0512 0.4345
vn -0.9736 0.0948 0.2076
vn -0.9611 -0.1907 0.1996
vn -0.8452 -0.1289 0.5187
vn -0.8286 0.1166 0.5475
vn -0.8963 -0.2735 0.3492
vn -0.8771 0.1891 0.4415
vn -0.7699 0.3094 0.5581
vn -0.7197 0.5276 0.4513
vn -0.7642 0.6221 0.1703
vn -0.8953 0.3672 0.2522
vn -0.4697 -0.1517 0.8697
vn -0.5093 0.0915 0.8557
vn -0.6418 0.0965 0.7608
vn -0.6002 -0.1439 0.7868
vn -0.2296 -0.1890 0.9548
vn -0.2633 0.0915 0.9604
vn -0.2565 0.3310 0.9081
vn -0.0949 0.4968 0.8627
vn -0.2199 0.6534 0.7244
vn -0.3343 0.4219 0.8427
vn -0.5831 0.3147 0.7490
vn -0.4832 0.5699 0.6646
vn -0.4936 0.2161 0.8424
vn -0.7333 -0.0864 0.6744
vn -0.7322 0.0957 0.6743
vn -0.6703 0.3928 0.6296
vn -0.5564 0.6591 0.5059
vn -0.6027 0.7781 0.1772
vn -0.3020 0.7815 0.5459
vn -0.9471 0.2616 0.1857
vn -0.7144 0.2105 0.6673
vn -0.1883 0.8919 0.4111
vn -0.1907 0.9719 0.1379
vn -0.4511 0.8827 0.1318
vn -0.4028 0.8405 0.3625
vn -0.9684 -0.2020 -0.1465
vn -0.9872 0.0843 -0.1352
vn -0.9301 0.0747 -0.3597
vn -0.9184 -0.1611 -0.3615
vn -0.9054 -0.0100 -0.4244
vn -0.8865 -0.2166 -0.4090
vn -0.8749 -0.3500 -0.3347
vn -0.8854 0.4414 -0.1454
vn -0.7410 0.6541 -0.1517
vn -0.7145 0.6317 -0.3007
vn -0.8616 0.3816 -0.3349
vn -0.9098 0.2569 -0.3259
vn -0.9437 0.2993 -0.1409
vn -0.8272 -0.2200 0.5170
vn -0.8419 0.0038 0.5396
vn -0.9405 0.0069 0.3398
vn -0.9100 -0.2254 0.3481
vn -0.7914 -0.2189 0.5707
vn -0.7655 0.0645 0.6402
vn -0.8250 0.2205 0.5204
vn -0.7998 0.3596 0.4807
vn -0.8433 0.4334 0.3178
vn -0.9151 0.2288 0.3321
vn -0.7226 0.2481 0.6452
vn -0.6755 0.4520 0.5826
vn -0.7598 0.5115 0.4013
vn -0.5886 0.7946 -0.1487
vn -0.5706 0.7671 -0.2931
vn -0.9025 -0.0937 -0.4203
vn -0.8839 -0.2355 -0.4040
vn -0.6780 0.2512 0.6908
vn -0.5815 0.4172 0.6985
vn -0.7298 0.1293 0.6713
vn -0.5007 0.5204 0.6918
vn -0.5229 0.5305 0.6672
vn -0.2153 0.9691 -0.1204
vn -0.2287 0.9421 -0.2454
vn -0.4456 0.8518 -0.2754
vn -0.4562 0.8785 -0.1419
vn -0.4436 0.6766 0.5877
vn -0.3552 0.7927 0.4954
vn -0.4342 0.8324 0.3445
vn -0.5100 0.7513 0.4190
vn -0.2289 0.7385 0.6343
vn -0.2229 0.8220 0.5240
vn -0.2223 0.9066 0.3588
vn -0.6721 0.6607 0.3343
vn -0.5669 0.7841 0.2525
vn -0.5986 0.6060 0.5239
vn -0.2284 0.6935 0.6833
vn -0.3943 0.6141 0.6836
vn 0.4869 -0.2023 0.8497
vn 0.5146 0.0832 0.8534
vn 0.3744 0.0798 0.9238
vn 0.3554 -0.2068 0.9115
vn 0.1076 -0.2043 0.9730
vn 0.0814 0.0887 0.9927
vn 0.2136 0.5020 0.8381
vn 0.0968 0.6761 0.7305
vn -0.0033 0.5057 0.8627
vn 0.0774 0.3590 0.9301
vn 0.4184 0.3998 0.8155
vn 0.3851 0.6192 0.6843
vn 0.3220 0.2992 0.8982
vn 0.6268 -0.2062 0.7514
vn 0.7305 -0.1186 0.6726
vn 0.7308 0.0914 0.6764
vn 0.6264 0.0900 0.7743
vn 0.8698 0.0306 0.4925
vn 0.8574 0.1553 0.4907
vn 0.8039 0.1139 0.5838
vn 0.7684 -0.1847 0.6127
vn 0.7848 0.4310 0.4452
vn 0.6937 0.6403 0.3298
vn 0.7003 0.5726 0.4263
vn 0.7535 0.3816 0.5353
vn 0.6685 0.4505 0.5917
vn 0.5757 0.6644 0.4765
vn 0.5940 0.7530 0.2832
vn 0.6107 0.3625 0.7041
vn 0.5339 0.5564 0.6367
vn 0.6978 -0.2972 0.6517
vn 0.3683 0.7607 0.5344
vn 0.2247 0.7956 0.5626
vn 0.7113 0.2539 0.6554
vn 0.3462 0.8517 0.3933
vn 0.3143 0.9286 0.1972
vn 0.0747 0.9837 0.1637
vn 0.1015 0.8982 0.4277
vn 0.4710 0.8033 0.3644
vn 0.4707 0.8506 0.2346
vn 0.6103 0.7847 0.1084
vn 0.5566 0.8301 -0.0341
vn 0.5255 0.8493 -0.0502
vn 0.5603 0.8253 0.0707
vn 0.2644 0.9637 -0.0367
vn 0.2350 0.9605 -0.1494
vn 0.0130 0.9796 -0.2005
vn 0.0354 0.9959 -0.0838
vn -0.0195 0.7374 0.6752
vn -0.0633 0.5547 0.8296
vn -0.1167 0.7056 0.6990
vn -0.0600 0.8230 0.5649
vn -0.0663 0.8743 0.4809
vn 0.0012 0.9437 0.3307
vn 0.0404 0.4654 0.8842
vn 0.1758 0.4350 0.8831
vn 0.2101 0.4570 0.8643
vn -0.1158 0.5926 0.7972
vn 0.6028 0.6560 0.4541
vn 0.5901 0.7866 0.1818
vn 0.3658 0.8385 0.4039
vn 0.3705 0.7898 0.4889
vn 0.4440 0.8959 0.0153
vn 0.4239 0.9008 -0.0943
vn -0.2582 0.8191 0.5123
vn 0.0514 0.6279 0.7766
vn -0.0032 0.7144 0.6997
vn 0.1435 0.3563 0.9233
vn 0.0785 0.4257 0.9015
vn 0.4227 0.9056 0.0358
vn 0.3542 0.9298 0.1002
vn -0.2436 0.8734 0.4217
vn 0.0423 0.8243 0.5645
vn -0.1019 0.8213 0.5614
vn -0.8011 0.5504 0.2352
vn -0.7585 0.4562 0.4653
vn -0.7535 0.5268 0.3933
vn -0.7639 0.5821 0.2786
vn -0.7804 0.5160 0.3531
vn 0.1551 0.1911 0.9692
vn -0.5926 -0.6577 0.4650
vn -0.6848 -0.4859 0.5430
vn -0.7671 -0.5535 0.3245
vn -0.6484 -0.7378 0.1877
vn -0.7804 -0.6160 0.1077
vn -0.8592 -0.4576 0.2291
vn -0.8276 -0.3578 0.4326
vn -0.6495 -0.7338 -0.1992
vn -0.7223 -0.6265 -0.2928
vn -0.6283 -0.6254 -0.4626
vn -0.5156 -0.7091 -0.4810
vn -0.8676 -0.4892 -0.0891
vn -0.7809 -0.6237 -0.0338
vn -0.7956 -0.4761 -0.3746
vn -0.8030 -0.5818 0.1291
vn -0.8864 -0.4466 0.1217
vn -0.8940 -0.4327 -0.1164
vn -0.8115 -0.5755 -0.1014
vn -0.7001 -0.7075 -0.0964
vn -0.6934 -0.7077 0.1355
vn -0.6776 -0.6665 -0.3109
vn -0.7723 -0.4990 -0.3930
vn -0.7010 -0.4386 -0.5623
vn -0.6257 -0.6030 -0.4949
vn -0.8491 -0.4147 -0.3271
vn -0.7970 -0.5549 -0.2385
vn -0.8193 -0.3284 -0.4700
vn -0.8651 -0.1774 0.4692
vn -0.8815 -0.0503 0.4695
vn -0.9765 -0.0373 0.2123
vn -0.9569 -0.1713 0.2347
vn -0.7828 -0.1874 0.5934
vn -0.7949 -0.0652 0.6033
vn -0.9792 -0.1935 -0.0602
vn -0.9960 0.0212 -0.0868
vn -0.9385 0.0932 -0.3324
vn -0.9049 -0.2260 -0.3607
vn -0.5568 -0.8193 0.1368
vn -0.5623 -0.8216 -0.0940
vn -0.5288 -0.8466 -0.0600
vn -0.4929 -0.8513 0.1801
vn -0.5469 -0.5320 -0.6465
vn -0.5521 -0.6236 -0.5535
vn -0.5748 -0.7365 -0.3567
vn -0.9193 0.2651 -0.2908
vn -0.8973 0.2477 -0.3655
vn -0.5488 -0.8056 -0.2233
vn -0.5521 -0.7938 -0.2552
vn -0.6496 -0.3457 -0.6771
vn -0.7379 0.0712 -0.6712
vn -0.6092 0.0586 -0.7908
vn -0.5588 -0.3178 -0.7660
vn -0.8462 0.0699 -0.5283
vn -0.7974 -0.2606 -0.5443
vn -0.4522 -0.4386 -0.7766
vn -0.2344 -0.4764 -0.8474
vn -0.3326 -0.5700 -0.7513
vn -0.4447 -0.5638 -0.6959
vn -0.3443 -0.3566 -0.8685
vn -0.2168 -0.3872 -0.8962
vn -0.6708 0.3063 -0.6755
vn -0.5722 0.3106 -0.7590
vn -0.8259 0.2410 -0.5097
vn -0.2994 -0.8599 0.4135
vn -0.3653 -0.9102 0.1951
vn -0.1261 -0.9695 0.2103
vn -0.1084 -0.8877 0.4474
vn -0.3841 -0.9046 -0.1849
vn -0.3639 -0.8181 -0.4454
vn -0.2339 -0.8669 -0.4402
vn -0.1751 -0.9711 -0.1623
vn 0.1662 -0.8819 0.4412
vn 0.1533 -0.9615 0.2281
vn 0.3848 -0.8898 0.2453
vn 0.3397 -0.8462 0.4105
vn 0.1125 -0.9890 -0.0963
vn 0.0483 -0.9092 -0.4135
vn 0.3207 -0.8982 -0.3007
vn 0.3987 -0.9157 -0.0508
vn -0.4039 -0.7439 0.5324
vn -0.4967 -0.8457 0.1955
vn -0.1122 -0.8092 0.5767
vn -0.4903 -0.8426 -0.2226
vn -0.4177 -0.7480 -0.5158
vn -0.2732 -0.7904 -0.5483
vn 0.5100 -0.8269 0.2369
vn 0.4425 -0.7493 0.4926
vn 0.1586 -0.8189 0.5516
vn 0.4234 -0.8221 -0.3807
vn 0.5482 -0.8357 -0.0341
vn 0.0003 -0.8409 -0.5413
vn -0.2725 -0.7230 -0.6348
vn -0.3170 -0.6581 -0.6829
vn -0.2147 -0.5531 -0.8050
vn -0.2210 -0.6813 -0.6979
vn -0.4230 -0.6347 -0.6466
vn -0.3895 -0.7027 -0.5954
vn -0.3778 -0.5810 -0.7209
vn 0.2314 -0.6354 -0.7367
vn 0.3965 -0.4536 -0.7982
vn 0.5125 -0.5218 -0.6819
vn 0.3725 -0.6965 -0.6133
vn 0.0496 -0.5315 -0.8456
vn -0.0044 -0.6838 -0.7296
vn 0.0087 -0.7872 -0.6166
vn -0.3878 0.0645 -0.9195
vn -0.1387 0.0761 -0.9874
vn -0.2043 -0.3245 -0.9235
vn -0.4187 -0.3340 -0.8445
vn -0.4947 0.4279 -0.7565
vn -0.4879 0.4099 -0.7706
vn -0.3550 0.5193 -0.7773
vn -0.3653 0.3800 -0.8498
vn -0.2296 0.5313 -0.8155
vn -0.1431 0.3571 -0.9231
vn 0.1972 -0.0410 -0.9795
vn 0.2776 -0.0401 -0.9599
vn 0.3543 -0.2447 -0.9026
vn 0.1143 -0.2332 -0.9657
vn -0.4375 -0.3730 -0.8182
vn -0.5273 -0.1976 -0.8264
vn -0.3834 -0.1322 -0.9141
vn -0.3114 -0.2955 -0.9032
vn -0.6866 -0.1290 -0.7155
vn -0.6650 -0.3403 -0.6648
vn -0.5467 -0.0475 -0.8360
vn -0.8206 -0.0700 -0.5672
vn -0.7938 -0.1906 -0.5775
vn -0.7446 -0.3212 -0.5852
vn -0.7976 -0.2097 -0.5656
vn 0.0006 -0.0127 -0.9999
vn 0.0919 0.0095 -0.9957
vn 0.0522 -0.0811 -0.9953
vn -0.0432 -0.1144 -0.9925
vn -0.3976 -0.6904 -0.6043
vn -0.4575 -0.6901 -0.5608
vn -0.5149 -0.5169 -0.6839
vn -0.3890 -0.6705 -0.6318
vn -0.5212 -0.6938 -0.4970
vn -0.5940 -0.5664 -0.5713
vn -0.6803 -0.4592 -0.5713
vn 0.0648 0.2112 -0.9753
vn 0.0562 0.1380 -0.9888
vn -0.8127 -0.0508 -0.5805
vn -0.5006 -0.5792 0.6434
vn -0.4601 -0.6786 -0.5725
vn -0.4633 -0.5583 -0.6882
vn -0.4511 0.2744 -0.8492
vn -0.0201 -0.3828 -0.9236
vn -0.1089 -0.4637 -0.8793
vn -0.7057 -0.4717 -0.5287
vn -0.5623 -0.5734 -0.5958
vn -0.6254 -0.3737 -0.6850
vn -0.9708 -0.2144 0.1076
vn -0.9955 0.0182 0.0930
vn -0.9885 0.0301 -0.1481
vn -0.9710 -0.1982 -0.1336
vn -0.9681 0.2365 0.0824
vn -0.8957 0.4366 0.0843
vn -0.8820 0.4406 -0.1672
vn -0.9588 0.2387 -0.1542
vn -0.9188 -0.1822 -0.3503
vn -0.9319 0.0384 -0.3608
vn -0.8636 0.0396 -0.5027
vn -0.8503 -0.1751 -0.4964
vn -0.8018 0.0364 -0.5965
vn -0.7836 -0.1809 -0.5943
vn -0.9027 0.2336 -0.3614
vn -0.8545 0.3740 -0.3605
vn -0.8209 0.3390 -0.4595
vn -0.8464 0.2292 -0.4807
vn -0.7259 0.4198 -0.5448
vn -0.7862 0.2323 -0.5727
vn -0.8017 0.4773 -0.3597
vn -0.8179 0.5187 -0.2489
vn -0.7179 0.6879 0.1071
vn -0.5918 0.7978 0.1156
vn -0.6016 0.7909 -0.1126
vn -0.7316 0.6676 -0.1376
vn -0.8299 0.5499 -0.0937
vn -0.8243 0.5580 0.0956
vn -0.2231 0.9652 0.1362
vn -0.2267 0.9692 -0.0963
vn -0.4653 0.8790 -0.1047
vn -0.4537 0.8816 0.1304
vn -0.5572 0.7317 -0.3926
vn -0.4700 0.8236 -0.3173
vn -0.3995 0.7872 -0.4697
vn -0.5012 0.6582 -0.5617
vn -0.2407 0.8270 -0.5081
vn -0.2453 0.7424 -0.6234
vn -0.2333 0.9175 -0.3221
vn -0.5919 0.7681 -0.2444
vn -0.6890 0.6392 -0.3418
vn -0.6583 0.5627 -0.5000
vn -0.5176 -0.2015 -0.8315
vn -0.5541 0.0234 -0.8321
vn -0.4190 0.0111 -0.9079
vn -0.3879 -0.2094 -0.8976
vn -0.2359 0.0069 -0.9717
vn -0.2269 -0.2266 -0.9472
vn -0.3680 0.3304 -0.8691
vn -0.2683 0.4629 -0.8448
vn -0.1909 0.3784 -0.9058
vn -0.2635 0.2403 -0.9343
vn -0.4815 0.4452 -0.7549
vn -0.5141 0.2504 -0.8204
vn -0.4100 0.1756 -0.8950
vn -0.6937 0.0325 -0.7196
vn -0.6749 -0.1916 -0.7126
vn -0.6459 0.3722 -0.6665
vn -0.6766 0.2333 -0.6985
vn 0.1528 0.9854 0.0751
vn 0.2129 0.9692 -0.1239
vn 0.0100 0.9955 -0.0937
vn 0.0115 0.9902 0.1395
vn 0.0098 0.8514 -0.5244
vn 0.2372 0.8343 -0.4976
vn 0.2367 0.7520 -0.6153
vn 0.0035 0.7670 -0.6416
vn 0.2387 0.9176 -0.3180
vn 0.0118 0.9474 -0.3197
vn 0.4942 0.4659 -0.7339
vn 0.4147 0.5056 -0.7566
vn 0.5190 0.6931 -0.5003
vn 0.7202 0.5580 -0.4123
vn 0.3312 0.5411 -0.7730
vn 0.1190 0.8356 -0.5364
vn 0.4529 0.6868 -0.5685
vn 0.3725 0.8051 -0.4616
vn 0.4378 0.8424 -0.3141
vn 0.5141 0.7604 -0.3969
vn 0.5459 0.8016 -0.2438
vn 0.5890 0.7368 -0.3319
vn 0.5414 0.6460 -0.5380
vn 0.2193 0.9737 -0.0625
vn 0.4039 0.8957 -0.1862
vn 0.5475 0.8097 -0.2112
vn 0.6653 0.7173 -0.2067
vn 0.0602 0.9518 -0.3006
vn 0.4145 0.8782 -0.2386
vn -0.3192 0.9173 -0.2380
vn -0.3581 0.8910 -0.2792
vn 0.0054 0.0041 -1.0000
vn 0.1653 0.0091 -0.9862
vn 0.1226 -0.1962 -0.9729
vn 0.0076 -0.2315 -0.9728
vn 0.0017 0.3929 -0.9196
vn 0.2306 0.3694 -0.9002
vn 0.2400 0.2187 -0.9458
vn 0.0031 0.2173 -0.9761
vn 0.2390 0.4851 -0.8412
vn -0.0032 0.5165 -0.8563
vn -0.5869 0.6903 -0.4232
vn -0.4648 0.7532 -0.4655
vn -0.5489 0.6339 -0.5449
vn -0.6400 0.5640 -0.5218
vn -0.4466 0.8526 -0.2714
vn -0.5913 0.7158 -0.3714
vn -0.5402 0.1700 -0.8242
vn -0.5096 0.3256 -0.7964
vn -0.3605 0.3027 -0.8823
vn -0.3977 0.0731 -0.9146
vn -0.6693 0.3335 -0.6639
vn -0.6880 0.1023 -0.7184
vn -0.5489 0.0108 -0.8358
vn -0.8318 0.1951 -0.5196
vn -0.7492 0.3421 -0.5671
vn -0.7999 0.1722 -0.5748
vn -0.8272 0.0902 -0.5546
vn 0.3394 0.3562 -0.8706
vn 0.3535 0.2701 -0.8956
vn 0.3924 0.4809 -0.7841
vn -0.3880 0.6962 -0.6039
vn -0.4505 0.5413 -0.7099
vn -0.6220 0.4934 -0.6080
vn -0.3347 0.4298 -0.8386
vn 0.3911 0.1116 -0.9136
vn -0.8123 0.0381 -0.5821
vn -0.6001 0.4955 -0.6280
vn 0.5103 0.5547 -0.6572
vn 0.4803 0.5831 -0.6553
vn 0.4990 0.5583 -0.6628
vn -0.2427 0.6379 -0.7309
vn -0.4268 0.5908 -0.6847
vn 0.2400 0.6384 -0.7313
vn -0.0031 0.6600 -0.7512
vn 0.3968 0.5926 -0.7010
vn -0.3983 0.9104 -0.1121
vn -0.3661 0.9257 -0.0952
vn -0.3543 0.9145 -0.1954
vn 0.0335 -0.8639 0.5025
vn 0.0491 -0.9750 0.2168
vn 0.4113 -0.8911 0.1919
vn 0.3195 -0.8276 0.4615
vn -0.2627 -0.8433 0.4688
vn -0.3139 -0.9252 0.2134
vn -0.6120 -0.5395 0.5783
vn -0.6681 -0.2659 0.6950
vn -0.7642 -0.4291 0.4816
vn -0.6582 -0.6742 0.3350
vn -0.3766 -0.6377 0.6719
vn -0.4901 -0.3373 0.8038
vn -0.4787 -0.7809 0.4012
vn -0.6120 0.0511 0.7892
vn -0.3744 0.2234 0.9000
vn -0.2701 0.2650 0.9257
vn -0.4984 0.1390 0.8557
vn 0.0585 -0.4650 0.8834
vn 0.3172 -0.4181 0.8512
vn 0.4145 -0.1281 0.9010
vn 0.0451 -0.1789 0.9828
vn 0.0606 0.2049 0.9769
vn 0.4154 0.1872 0.8902
vn 0.3258 0.4278 0.8431
vn 0.1081 0.4387 0.8921
vn -0.2517 -0.4418 0.8611
vn -0.3151 -0.1864 0.9306
vn -0.2915 0.1995 0.9356
vn -0.1589 0.3958 0.9045
vn -0.5054 -0.0998 0.8571
vn 0.4815 -0.6039 0.6352
vn 0.6056 -0.1885 0.7731
vn 0.0218 -0.6884 0.7250
vn -0.4877 0.0404 0.8721
vn 0.5941 0.2633 0.7601
vn 0.4383 0.4635 0.7701
vn 0.1042 0.4891 0.8660
vn -0.4822 -0.8743 -0.0563
vn -0.4240 -0.8690 -0.2550
vn -0.2030 -0.9124 -0.3553
vn -0.2673 -0.9566 -0.1159
vn 0.0953 -0.9814 -0.1666
vn 0.1219 -0.9020 -0.4142
vn 0.3610 -0.8407 -0.4036
vn 0.4198 -0.8936 -0.1587
vn 0.7432 -0.3174 0.5890
vn 0.7184 -0.2039 0.6650
vn 0.7244 -0.1746 0.6669
vn 0.1798 -0.4980 0.8484
vn 0.1565 -0.5025 0.8503
vn 0.0970 -0.4911 0.8657
vn 0.0923 -0.4482 0.8892
vn 0.2651 -0.5674 -0.7796
vn 0.5507 -0.4971 -0.6705
vn 0.4764 -0.5870 -0.6546
vn 0.2198 -0.7050 -0.6743
vn -0.0064 -0.9923 -0.1233
vn 0.0860 -0.9798 -0.1804
vn 0.1127 -0.9830 -0.1449
vn 0.1531 -0.5666 -0.8097
vn -0.0340 -0.7419 -0.6696
vn 0.8022 -0.2794 0.5276
vn 0.7911 -0.1578 0.5910
vn 0.0799 -0.5818 -0.8094
vn -0.3788 -0.8446 -0.3784
vn -0.2945 -0.8019 -0.5198
vn -0.1797 -0.8592 -0.4791
vn 0.6905 -0.4287 -0.5826
vn 0.5455 -0.6643 -0.5111
vn 0.1864 -0.8161 -0.5469
vn 0.8216 -0.5523 0.1411
vn 0.9634 -0.1745 0.2034
vn 0.8142 -0.1510 0.5606
vn 0.7448 -0.4687 0.4749
vn 0.9468 0.1484 0.2855
vn 0.8077 0.3829 0.4484
vn 0.7201 0.4049 0.5635
vn 0.7870 0.1955 0.5852
vn 0.3108 -0.7375 0.5995
vn 0.3486 -0.7404 0.5747
vn 0.4260 -0.6040 0.6736
vn 0.3094 -0.6277 0.7143
vn 0.2267 -0.5552 0.8002
vn 0.3287 -0.5162 0.7909
vn 0.7569 -0.4931 -0.4290
vn 0.8093 -0.4099 -0.4207
vn 0.9381 -0.2977 -0.1770
vn 0.8174 -0.5518 -0.1656
vn 0.3198 -0.8501 0.4185
vn 0.3208 -0.9026 0.2870
vn 0.4183 -0.8818 0.2178
vn 0.4213 -0.7877 0.4495
vn 0.2541 -0.9664 -0.0377
vn 0.2323 -0.9480 -0.2176
vn 0.3180 -0.9370 -0.1449
vn 0.3338 -0.9425 -0.0178
vn 0.5943 -0.7766 0.2091
vn 0.7217 -0.6586 0.2130
vn 0.6617 -0.6016 0.4475
vn 0.5594 -0.7432 0.3671
vn 0.8265 -0.5192 0.2176
vn 0.7995 -0.4809 0.3598
vn 0.5903 -0.7695 -0.2438
vn 0.7130 -0.6570 -0.2451
vn 0.7345 -0.6784 -0.0151
vn 0.6115 -0.7911 -0.0145
vn 0.8095 -0.5376 -0.2360
vn 0.8370 -0.5472 -0.0085
vn 0.4960 -0.6881 0.5296
vn 0.4546 -0.8906 -0.0143
vn 0.4186 -0.8745 -0.2450
vn 0.3175 -0.9334 0.1672
vn 0.3347 -0.9321 0.1383
vn -0.6362 0.7534 -0.1662
vn 0.3032 -0.8977 -0.3197
vn 0.6158 -0.7593 0.2105
vn 0.6143 -0.7579 -0.2196
vn 0.7314 -0.3560 -0.5817
vn -0.5045 -0.8448 0.1782
vn 0.9974 0.0502 0.0524
vn 0.5888 -0.5343 0.6066
vn -0.6010 -0.7990 0.0187
vn 0.1663 -0.6152 0.7706
vn 0.1519 -0.6949 0.7029
vn -0.5586 0.1738 0.8110
vn -0.5680 0.2310 0.7899
vn -0.6862 0.1938 0.7011
vn -0.6894 0.2782 0.6688
vn -0.3652 0.1201 0.9232
vn -0.3305 0.1893 0.9246
vn -0.5670 0.2196 0.7939
vn -0.5508 0.2122 0.8072
vn -0.6405 0.3358 0.6907
vn -0.6447 0.2081 0.7356
vn -0.3869 0.2146 0.8968
vn -0.4583 0.2995 0.8368
vn -0.5237 0.3905 0.7571
vn 0.1992 -0.2291 0.9528
vn 0.0666 -0.2783 0.9582
vn -0.0042 -0.1267 0.9919
vn -0.0308 -0.0385 0.9988
vn -0.2302 0.1388 0.9632
vn -0.0437 0.0836 0.9955
vn -0.0414 0.3111 0.9495
vn -0.2689 0.3092 0.9122
vn -0.0795 -0.0271 0.9965
vn 0.1851 -0.1538 0.9706
vn -0.0893 0.2127 0.9730
vn -0.1555 0.1619 0.9745
vn 0.3477 -0.2428 0.9056
vn 0.0363 -0.0424 0.9984
vn 0.0461 -0.0357 0.9983
vn 0.2427 -0.2292 0.9426
vn -0.2702 0.6140 0.7416
vn -0.0394 0.6423 0.7654
vn -0.0417 0.7533 0.6563
vn -0.2677 0.7293 0.6296
vn -0.0401 0.5280 0.8483
vn -0.2694 0.4967 0.8250
vn -0.4756 0.5586 0.6795
vn -0.4152 0.6884 0.5948
vn -0.3988 0.4594 0.7937
vn -0.6655 0.5811 0.4685
vn -0.5978 0.7021 0.3870
vn -0.6261 0.7472 0.2228
vn -0.7234 0.6417 0.2548
vn -0.5491 0.6386 0.5391
vn -0.4801 0.7505 0.4542
vn -0.4836 0.8437 0.2330
vn -0.5251 0.8510 -0.0126
vn -0.4624 0.8508 -0.2497
vn -0.5286 0.8018 -0.2789
vn -0.6429 0.7655 0.0260
vn -0.0355 0.9191 0.3924
vn -0.0423 0.9775 0.2066
vn -0.2778 0.9341 0.2243
vn -0.2177 0.9038 0.3684
vn -0.0484 0.9988 -0.0125
vn -0.0461 0.9692 -0.2420
vn -0.2668 0.9307 -0.2503
vn -0.2573 0.9662 -0.0139
vn -0.2901 0.8416 0.4555
vn -0.3744 0.8674 0.3280
vn -0.3910 0.9038 -0.1740
vn -0.4093 0.9123 -0.0119
vn -0.7330 0.6650 0.1430
vn -0.0392 0.8573 0.5133
vn -0.4013 0.9022 0.1579
vn -0.3503 0.8708 -0.3451
vn 0.1830 -0.3678 0.9117
vn 0.4162 -0.3633 0.8335
vn 0.4308 -0.1296 0.8931
vn 0.1644 -0.1355 0.9770
vn 0.1788 0.0863 0.9801
vn 0.4501 0.1013 0.8872
vn 0.4559 0.3201 0.8305
vn 0.1988 0.3118 0.9291
vn 0.6767 -0.3371 0.6545
vn 0.7411 -0.0853 0.6660
vn 0.6079 -0.1043 0.7872
vn 0.5719 -0.2660 0.7760
vn 0.8111 -0.2199 0.5420
vn 0.8440 -0.0583 0.5332
vn 0.7736 0.1633 0.6123
vn 0.7406 0.3441 0.5772
vn 0.6224 0.2619 0.7376
vn 0.6276 0.1215 0.7690
vn 0.5016 -0.4393 0.7453
vn 0.5936 0.3957 0.7007
vn 0.8570 0.1301 0.4986
vn 0.0565 -0.0238 0.9981
vn 0.0463 -0.0306 0.9985
vn 0.2197 0.6275 0.7470
vn 0.5151 0.5565 0.6519
vn 0.4384 0.6862 0.5804
vn 0.2237 0.7355 0.6396
vn 0.3990 0.4777 0.7827
vn 0.2108 0.5171 0.8295
vn 0.9282 -0.2961 0.2252
vn 0.9732 -0.0108 0.2299
vn 0.9139 -0.0243 0.4052
vn 0.8520 -0.3015 0.4280
vn 0.9507 0.2111 0.2271
vn 0.9032 0.3611 0.2321
vn 0.8866 0.3277 0.3264
vn 0.8982 0.2104 0.3860
vn 0.8546 0.2692 0.4441
vn 0.8471 0.3692 0.3823
vn 0.8643 0.4167 0.2818
vn 0.9167 -0.3346 -0.2187
vn 0.9804 -0.0687 -0.1844
vn 0.9987 -0.0285 0.0414
vn 0.9507 -0.3099 0.0114
vn 0.9759 0.1648 -0.1429
vn 0.9303 0.3469 -0.1191
vn 0.9313 0.3527 0.0905
vn 0.9775 0.1972 0.0745
vn 0.3787 0.8603 0.3413
vn 0.4108 0.8862 0.2143
vn 0.2126 0.9536 0.2130
vn 0.2182 0.9008 0.3755
vn 0.4227 0.9063 0.0035
vn 0.3808 0.8967 -0.2258
vn 0.1976 0.9504 -0.2403
vn 0.2056 0.9786 -0.0078
vn 0.8389 0.4907 0.2353
vn 0.7254 0.6506 0.2246
vn 0.6930 0.6304 0.3498
vn 0.7583 0.5211 0.3917
vn 0.8128 0.5636 -0.1472
vn 0.6898 0.7010 -0.1808
vn 0.7272 0.6847 0.0484
vn 0.8405 0.5371 0.0715
vn 0.8864 0.4552 0.0842
vn 0.8739 0.4706 -0.1220
vn 0.6241 0.6104 0.4876
vn 0.5040 0.7518 0.4252
vn 0.5621 0.7968 0.2217
vn 0.5171 0.8300 -0.2088
vn 0.5681 0.8227 0.0214
vn 0.8799 0.4324 0.1971
vn 0.2223 0.8433 0.4893
vn 0.7579 -0.4067 0.5101
vn -0.6020 0.5091 0.6152
vn 0.6953 0.4814 0.5336
vn -0.7180 0.4287 0.5484
vn 0.3622 -0.9193 -0.1538
vn 0.6215 -0.7560 -0.2054
vn 0.4989 -0.8292 0.2520
vn 0.3488 -0.9217 0.1695
vn 0.3957 -0.8632 0.3135
vn 0.3949 -0.7592 0.5174
vn 0.6346 -0.7461 -0.2014
vn 0.2931 -0.8607 -0.4163
vn 0.4963 -0.8521 0.1661
vn 0.6863 -0.6623 -0.3005
vn 0.7634 -0.5844 -0.2752
vn 0.7540 -0.6263 -0.1982
vn 0.7057 -0.7065 -0.0538
vn 0.7415 -0.6217 -0.2523
vn 0.6928 -0.6478 -0.3168
vn 0.2234 -0.9601 0.1681
vn 0.2236 -0.9747 -0.0048
vn 0.3363 -0.9418 0.0024
vn 0.3032 -0.9449 0.1235
vn 0.8210 -0.5577 -0.1223
vn 0.8438 -0.4981 0.1998
vn 0.1268 -0.9900 0.0625
vn 0.0960 -0.9940 -0.0531
vn 0.7406 -0.5750 -0.3476
vn 0.4735 -0.7776 0.4136
vn 0.5573 -0.6669 0.4946
vn 0.5149 -0.6370 0.5736
vn 0.4275 -0.7336 0.5283
vn 0.4163 -0.7173 0.5588
vn 0.4083 -0.6461 0.6449
vn 0.3572 -0.8466 0.3945
vn 0.3066 -0.9222 0.2355
vn 0.4387 -0.8746 0.2063
vn -0.1236 -0.9219 -0.3671
vn -0.1621 -0.8418 -0.5148
vn 0.0292 -0.8625 -0.5052
vn 0.0393 -0.9424 -0.3322
vn -0.1846 -0.5486 -0.8154
vn 0.1046 -0.4984 -0.8606
vn 0.0467 -0.6972 -0.7153
vn -0.1969 -0.7095 -0.6766
vn 0.0012 -0.4010 -0.9161
vn 0.0994 -0.3737 -0.9222
vn -0.0616 -0.1398 -0.9883
vn 0.1971 -0.1364 -0.9709
vn 0.1853 -0.2629 -0.9469
vn -0.0641 -0.3209 -0.9449
vn 0.3726 -0.5840 -0.7212
vn 0.4852 -0.5303 -0.6952
vn 0.4704 -0.7132 -0.5196
vn 0.2664 -0.7785 -0.5682
vn 0.2284 -0.9197 -0.3194
vn 0.4693 -0.8364 -0.2832
vn 0.2858 -0.2077 -0.9355
vn 0.3009 -0.1353 -0.9440
vn 0.3625 -0.1388 -0.9216
vn 0.3241 -0.2588 -0.9099
vn 0.4440 -0.1382 -0.8853
vn 0.4562 -0.2610 -0.8507
vn 0.3122 -0.4672 -0.8272
vn 0.2258 -0.6393 -0.7350
vn 0.2351 -0.3152 -0.9194
vn 0.4275 -0.3778 -0.8213
vn -0.2572 -0.4425 -0.8591
vn 0.5177 -0.3196 -0.7936
vn 0.3991 -0.7157 -0.5731
vn 0.5029 -0.5787 -0.6420
vn 0.4970 -0.6713 -0.5498
vn 0.4297 -0.7735 -0.4659
vn 0.3011 -0.8671 -0.3969
vn 0.3334 -0.7620 -0.5552
vn 0.6394 -0.7689 -0.0066
vn 0.7545 -0.6562 -0.0070
vn 0.7400 -0.6359 0.2194
vn 0.6163 -0.7568 0.2176
vn 0.8440 -0.5364 -0.0031
vn 0.8299 -0.5114 0.2231
vn 0.9328 -0.3604 -0.0091
vn 0.9911 -0.1329 -0.0108
vn 0.9659 -0.1358 0.2202
vn 0.9053 -0.3579 0.2287
vn 0.6437 -0.6010 -0.4738
vn 0.5535 -0.7322 -0.3968
vn 0.5702 -0.5327 -0.6254
vn 0.6930 -0.5868 0.4188
vn 0.5913 -0.7289 0.3452
vn 0.8048 -0.4779 0.3520
vn 0.9284 -0.1656 0.3327
vn 0.8565 -0.3691 0.3607
vn 0.7527 -0.4812 0.4494
vn 0.6769 -0.5017 0.5387
vn 0.6341 -0.5624 0.5306
vn 0.5899 -0.6672 -0.4549
vn 0.6146 -0.4963 -0.6132
vn 0.7406 -0.5935 -0.3152
vn 0.6254 -0.7332 -0.2671
vn 0.7877 -0.2854 -0.5460
vn 0.7956 -0.1347 -0.5906
vn 0.9420 -0.1361 -0.3069
vn 0.8804 -0.3649 -0.3028
vn 0.6302 -0.1362 -0.7644
vn 0.6683 -0.3356 -0.6639
vn 0.7748 -0.4377 -0.4561
vn 0.5262 -0.2273 -0.8194
vn 0.5361 -0.1359 -0.8331
vn 0.8291 -0.5081 -0.2333
vn 0.4657 -0.8849 -0.0101
vn 0.6242 -0.6138 -0.4834
vn 0.6984 -0.6115 -0.3719
vn 0.7002 -0.6843 -0.2037
vn 0.2132 -0.9604 -0.1791
vn 0.3504 -0.9257 -0.1423
vn -0.0891 -0.9361 -0.3402
vn 0.9280 -0.3719 0.0239
vn 0.8831 -0.3318 0.3317
vn 0.2674 -0.9111 0.3138
vn 0.7622 -0.4237 0.4894
vn 0.7638 -0.4267 0.4843
vn 0.5984 -0.3497 -0.7209
vn 0.5868 -0.3286 -0.7401
vn 0.6230 -0.3014 -0.7218
vn -0.2364 -0.8562 -0.4595
vn -0.5089 0.6534 -0.5604
vn -0.4424 0.7576 -0.4800
vn -0.3599 0.7057 -0.6103
vn -0.2408 0.6681 -0.7040
vn -0.5311 0.7068 -0.4673
vn -0.5385 0.6413 -0.5466
vn -0.5278 0.6472 -0.5500
vn -0.0482 0.9846 0.1683
vn 0.0039 0.9993 -0.0359
vn -0.2129 0.9753 -0.0584
vn -0.1452 0.9811 0.1279
vn -0.2259 0.7205 -0.6556
vn -0.0474 0.7319 -0.6797
vn -0.0532 0.6098 -0.7908
vn -0.1880 0.6317 -0.7521
vn -0.0423 0.8487 -0.5271
vn -0.2645 0.8405 -0.4729
vn 0.3772 0.9247 0.0523
vn 0.3832 0.9233 -0.0236
vn 0.2290 0.9731 -0.0260
vn 0.2159 0.9731 0.0809
vn -0.1024 0.9607 0.2580
vn -0.0308 0.5505 -0.8343
vn -0.1602 0.6049 -0.7800
vn -0.1974 0.8988 -0.3915
vn -0.0412 0.9104 -0.4117
vn -0.0743 0.6469 -0.7589
vn -0.1255 0.2590 -0.9577
vn 0.1437 0.1849 -0.9722
vn 0.1847 -0.0054 -0.9828
vn -0.0791 0.0401 -0.9961
vn -0.2256 0.7313 -0.6437
vn 0.0142 0.7353 -0.6776
vn 0.0365 0.5546 -0.8313
vn -0.2083 0.5734 -0.7924
vn 0.0789 0.3760 -0.9232
vn -0.1710 0.4251 -0.8889
vn 0.4436 0.8592 -0.2548
vn 0.4595 0.7337 -0.5005
vn 0.2401 0.8438 -0.4800
vn 0.3174 0.8861 -0.3378
vn 0.3135 -0.0200 -0.9494
vn 0.2978 0.1384 -0.9446
vn 0.3629 0.1315 -0.9225
vn 0.3707 -0.0205 -0.9285
vn 0.4532 0.1372 -0.8808
vn 0.4465 -0.0202 -0.8946
vn 0.2426 0.6991 -0.6726
vn 0.3843 0.6526 -0.6530
vn 0.4682 0.4178 -0.7787
vn 0.2769 0.4480 -0.8501
vn 0.2385 0.2932 -0.9258
vn -0.0003 0.8592 -0.5116
vn -0.2469 0.8529 -0.4600
vn 0.5367 0.5855 -0.6076
vn -0.0051 0.9714 -0.2375
vn -0.0068 0.9275 -0.3739
vn -0.1561 0.9200 -0.3594
vn -0.2329 0.9407 -0.2466
vn 0.2233 0.9453 -0.2379
vn 0.1477 0.9181 -0.3679
vn 0.9974 0.0677 -0.0245
vn 0.9711 0.2129 -0.1076
vn 0.9881 0.1495 -0.0357
vn 0.9900 0.0250 0.1391
vn 0.8288 0.4858 -0.2778
vn 0.6722 0.6767 -0.3004
vn 0.7092 0.6720 -0.2133
vn 0.9126 0.3699 -0.1744
vn 0.5305 0.8186 -0.2201
vn 0.6875 0.6401 -0.3429
vn 0.4453 0.8774 -0.1784
vn 0.7609 -0.2634 -0.5930
vn 0.7901 -0.1226 -0.6006
vn 0.8951 -0.1020 -0.4341
vn 0.8197 -0.3480 -0.4550
vn 0.6714 -0.1358 -0.7286
vn 0.6320 -0.3527 -0.6901
vn 0.7138 -0.4388 -0.5458
vn 0.8041 0.0983 -0.5862
vn 0.7951 0.2409 -0.5566
vn 0.8601 0.3306 -0.3885
vn 0.9036 0.1295 -0.4082
vn 0.6614 0.3145 -0.6809
vn 0.6838 0.0863 -0.7245
vn 0.7742 0.3952 -0.4943
vn 0.5473 -0.1155 -0.8289
vn 0.5616 -0.1388 -0.8157
vn 0.5434 -0.2686 -0.7953
vn 0.5289 -0.2906 -0.7973
vn 0.4378 0.3380 -0.8331
vn 0.5430 0.2313 -0.8072
vn 0.5621 0.0800 -0.8232
vn 0.5425 0.1335 -0.8294
vn 0.5255 -0.3997 -0.7510
vn 0.4861 0.3817 -0.7861
vn 0.4452 0.5608 -0.6981
vn 0.3707 0.6894 -0.6224
vn 0.4451 0.7705 -0.4562
vn 0.5447 0.6430 -0.5384
vn 0.1830 0.7238 -0.6652
vn 0.1844 0.5988 -0.7793
vn 0.1839 0.8414 -0.5081
vn 0.6266 0.6797 -0.3813
vn 0.7158 0.5535 -0.4257
vn 0.6090 0.5018 -0.6142
vn 0.3365 0.4636 -0.8197
vn 0.1922 0.5057 -0.8410
vn 0.1877 0.8988 -0.3962
vn 0.3352 0.8693 -0.3634
vn 0.8065 0.0455 -0.5895
vn 0.8133 0.2605 -0.5202
vn 0.9057 0.2980 -0.3015
vn 0.9533 0.0807 -0.2911
vn 0.7057 0.2612 -0.6586
vn 0.6540 0.0146 -0.7563
vn 0.6792 0.5051 -0.5324
vn 0.6148 0.6753 -0.4073
vn 0.6369 0.7209 -0.2731
vn 0.7341 0.6014 -0.3153
vn 0.8246 0.4752 -0.3069
vn 0.7877 0.4702 -0.3981
vn 0.5562 -0.0077 -0.8310
vn 0.5764 0.1699 -0.7993
vn 0.5779 0.3559 -0.7344
vn 0.4082 0.9088 -0.0860
vn 0.3336 0.9406 -0.0636
vn 0.3693 0.9172 -0.1496
vn -0.3373 0.8839 -0.3240
vn 0.2235 0.4405 -0.8695
vn 0.8388 0.4594 -0.2922
vn 0.1363 0.4510 -0.8820
vn -0.6877 0.1169 0.7166
vn -0.5261 -0.8502 -0.0176
vn 0.8001 -0.5994 -0.0244
vn 0.8057 0.0471 0.5904
vn 0.8475 0.1447 0.5107
vn -0.6291 0.3826 0.6767
vn -0.6524 0.2064 0.7292
vn -0.7445 0.2743 0.6087
vn -0.7396 0.3166 0.5940
vn 0.8751 0.2434 0.4183
vn 0.6975 0.4957 0.5176
vn 0.7223 0.5452 0.4255
vn 0.7375 0.5843 0.3388
vn -0.7348 0.6710 0.0990
vn 0.3866 -0.7098 0.5889
vn 0.7083 0.5985 -0.3743
vn 0.7335 0.5329 -0.4218
vn 0.7464 0.6317 -0.2096
vn -0.3637 0.9312 -0.0239
vn 0.7718 0.6136 -0.1667
vn -0.4104 -0.8663 0.2848
vn 0.9023 -0.0538 0.4278
vn 0.3771 -0.6232 0.6851
vn 0.7702 -0.5130 -0.3789
vn 0.2241 -0.9124 -0.3427
vn 0.7446 -0.4284 0.5119
vn 0.1959 -0.9183 -0.3439
vn -0.4838 0.8677 -0.1139
vn -0.3590 0.9258 -0.1184
vn -0.2089 0.9704 -0.1209
vn 0.1161 -0.3396 -0.9334
vn -0.4551 -0.7944 -0.4023
vn 0.2694 -0.2196 0.9377
vn 0.0877 -0.5711 0.8162
vn 0.9275 -0.0972 0.3609
vn 0.6494 0.7220 -0.2387
vt 0.101566 0.601073
vt 0.106589 0.658472
vt 0.085119 0.676253
vt 0.087393 0.592700
vt 0.126778 0.566705
vt 0.138449 0.524817
vt 0.146767 0.594303
vt 0.132166 0.627679
vt 0.146816 0.653948
vt 0.155198 0.619041
vt 0.111661 0.542760
vt 0.092444 0.525082
vt 0.107625 0.485667
vt 0.123192 0.479199
vt 0.115682 0.614088
vt 0.120320 0.452074
vt 0.105162 0.452126
vt 0.093377 0.483242
vt 0.119804 0.678147
vt 0.068493 0.590578
vt 0.065116 0.668323
vt 0.046832 0.647485
vt 0.055669 0.595470
vt 1.018243 0.588419
vt 1.039177 0.676722
vt 1.004212 0.645208
vt 0.996921 0.572415
vt 0.987618 0.631317
vt 0.997001 0.682324
vt 1.012596 0.709552
vt 0.072753 0.512232
vt 0.053991 0.533312
vt 0.062213 0.442883
vt 0.070256 0.482064
vt 1.018265 0.476649
vt 0.999048 0.477831
vt 1.003993 0.408449
vt 1.008632 0.401499
vt 0.042711 0.604339
vt 0.018243 0.588419
vt 0.042657 0.549691
vt 0.038823 0.606730
vt 0.039177 0.676722
vt 1.005964 0.515349
vt 1.042657 0.549691
vt 0.050488 0.460541
vt 0.085756 0.439657
vt 0.064429 0.441797
vt 0.082936 0.481671
vt 0.018265 0.476649
vt 0.008632 0.401499
vt 0.987894 0.512283
vt 0.155304 0.483319
vt 0.173525 0.459591
vt 0.182978 0.507329
vt 0.164804 0.533274
vt 0.170392 0.577082
vt 0.183193 0.563306
vt 0.133276 0.420776
vt 0.120940 0.401066
vt 0.141272 0.376230
vt 0.144066 0.403983
vt 0.186716 0.418015
vt 0.208247 0.404891
vt 0.225575 0.434189
vt 0.202377 0.453881
vt 0.178574 0.377301
vt 0.197675 0.385786
vt 0.183730 0.455418
vt 0.197688 0.486069
vt 0.165574 0.417745
vt 0.155320 0.383998
vt 0.142723 0.440659
vt 0.209302 0.283308
vt 0.194164 0.264934
vt 0.150166 0.364695
vt 0.997050 0.146916
vt 1.004210 0.102235
vt 1.022316 0.154611
vt 1.008381 0.209574
vt 0.025430 0.233638
vt 0.008381 0.209574
vt 0.022315 0.154611
vt 0.034705 0.197595
vt 0.006161 0.056765
vt 0.004175 0.045632
vt 0.031353 0.077907
vt 0.030690 0.113582
vt 0.048402 0.156010
vt 0.058716 0.139045
vt 0.004210 0.102235
vt 0.066942 0.313624
vt 0.094043 0.245404
vt 0.109898 0.265687
vt 0.083970 0.437882
vt 0.096916 0.390993
vt 0.112239 0.351600
vt 0.027824 0.305093
vt 0.017125 0.353500
vt 0.025628 0.388748
vt 0.018586 0.309459
vt 0.130742 0.247664
vt 0.133055 0.347744
vt 0.113119 0.292232
vt 0.101834 0.189890
vt 0.164166 0.216870
vt 0.164392 0.284741
vt 0.161324 0.158223
vt 0.060492 0.243284
vt 0.055262 0.183808
vt 0.074936 0.146760
vt 0.165730 0.347649
vt 0.156461 0.344819
vt 0.002235 0.331812
vt 0.003993 0.408449
vt 0.079976 0.718703
vt 0.069613 0.717182
vt 0.188619 0.206184
vt 0.068432 0.135495
vt 0.996811 0.254465
vt 1.018586 0.309459
vt 1.002235 0.331812
vt 0.097807 0.790433
vt 0.100578 0.835720
vt 0.087451 0.866787
vt 0.084335 0.767075
vt 0.105572 0.758174
vt 0.111850 0.851107
vt 0.093289 0.732756
vt 0.103581 0.887240
vt 0.125474 0.922321
vt 0.128864 0.971958
vt 0.111002 0.997658
vt 0.100175 0.941822
vt 0.149713 0.697168
vt 0.156420 0.786141
vt 0.144256 0.805166
vt 0.138795 0.706122
vt 0.163149 0.674177
vt 0.170369 0.762325
vt 0.175486 0.842852
vt 0.186570 0.866069
vt 0.179843 0.932531
vt 0.172104 0.878365
vt 0.153886 0.887910
vt 0.160311 0.949468
vt 0.161616 0.832874
vt 0.123951 0.741571
vt 0.130118 0.822771
vt 0.140190 0.931529
vt 0.147601 0.985433
vt 0.127262 1.013644
vt 0.169042 0.972437
vt 0.093030 0.915131
vt 0.135259 0.883607
vt 0.175563 0.994863
vt 0.166328 1.014441
vt 0.139083 1.023117
vt 0.154496 1.005229
vt 0.066318 0.774865
vt 0.068999 0.860803
vt 0.056092 0.850486
vt 0.054160 0.783187
vt 0.040873 0.831032
vt 0.046248 0.762769
vt 0.057901 0.724483
vt 0.079663 0.951703
vt 0.090834 0.995915
vt 0.055818 0.956620
vt 0.046608 0.916571
vt 0.062200 0.896564
vt 0.074534 0.917393
vt 1.017037 0.765419
vt 1.020721 0.852209
vt 0.997890 0.866529
vt 0.998312 0.777757
vt 0.017037 0.765419
vt 0.038470 0.750318
vt 0.040226 0.837488
vt 0.020721 0.852209
vt 1.019825 0.932519
vt 1.016173 0.976640
vt 0.996028 1.013306
vt 0.997968 0.946052
vt 0.019825 0.932519
vt 0.042811 0.922109
vt 0.034669 0.993492
vt 0.016173 0.976640
vt 1.034669 0.993492
vt 1.005959 1.026474
vt 0.103826 1.011207
vt 0.068388 0.973275
vt 0.056727 0.993847
vt 0.146933 1.011933
vt 0.108720 0.981334
vt 0.081411 0.983357
vt 0.117187 1.019117
vt 1.052180 1.037521
vt 1.039370 1.061472
vt 0.999886 1.089991
vt 1.012811 1.074143
vt 0.052180 1.037521
vt 0.090780 1.020856
vt 0.066365 1.050870
vt 0.039370 1.061472
vt 1.066365 1.050870
vt 1.011898 1.081653
vt 0.995782 1.069600
vt 0.978880 1.089555
vt 1.029312 1.035135
vt 0.201936 0.585997
vt 0.212908 0.667220
vt 0.204507 0.686824
vt 0.193793 0.604793
vt 0.179710 0.638106
vt 0.187132 0.728908
vt 0.203040 0.827760
vt 0.199019 0.901122
vt 0.190688 0.859371
vt 0.193409 0.805717
vt 0.215827 0.770845
vt 0.221046 0.838774
vt 0.207219 0.758108
vt 0.215135 0.550402
vt 0.226960 0.560229
vt 0.236180 0.621806
vt 0.225294 0.642821
vt 0.248135 0.508906
vt 0.261342 0.586208
vt 0.248310 0.603419
vt 0.242137 0.482722
vt 0.279709 0.670097
vt 0.285663 0.711661
vt 0.256515 0.750730
vt 0.253159 0.694091
vt 0.244538 0.729587
vt 0.244924 0.812218
vt 0.258455 0.821608
vt 0.234156 0.722586
vt 0.231857 0.792585
vt 0.216638 0.509539
vt 0.224385 0.878301
vt 0.210624 0.906609
vt 0.239607 0.667182
vt 0.226566 0.901513
vt 0.228583 0.922286
vt 0.197827 0.979111
vt 0.202277 0.956263
vt 0.238316 0.865758
vt 0.246151 0.868867
vt 0.291762 0.759484
vt 0.300696 0.789754
vt 0.287758 0.814616
vt 0.271608 0.823525
vt 0.225941 0.926868
vt 0.207776 0.909972
vt 0.152568 0.956118
vt 0.185416 0.979166
vt 0.144646 0.988602
vt 0.236413 0.945601
vt 0.215235 0.978108
vt 0.128226 1.019029
vt 0.112053 1.034463
vt 0.040096 1.052814
vt 0.301059 0.905686
vt 0.368485 0.835673
vt 0.395803 0.909420
vt 0.351561 0.978563
vt 0.465854 0.945633
vt 0.413347 1.006018
vt 0.256378 0.867436
vt 0.265993 0.847610
vt 0.340217 0.823604
vt 0.485852 0.983873
vt 0.471758 1.024749
vt 0.467383 1.036420
vt 0.196138 0.938279
vt 0.185490 0.954580
vt 0.011898 1.081653
vt 0.982169 1.044938
vt 0.029312 1.035135
vt 0.321603 0.801864
vt 0.973945 0.174864
vt 0.981468 0.235967
vt 0.961277 0.230825
vt 0.953495 0.154650
vt 0.946680 0.221976
vt 0.954683 0.267987
vt 0.969865 0.293718
vt 0.930117 0.171150
vt 0.923207 0.223140
vt 0.909405 0.225804
vt 0.910016 0.170693
vt 0.933759 0.271774
vt 0.938050 0.220462
vt 0.912584 0.291613
vt 0.975345 0.625331
vt 0.975337 0.686206
vt 0.952657 0.684115
vt 0.952706 0.622196
vt 0.952144 0.559785
vt 0.975665 0.562869
vt 0.930219 0.564332
vt 0.923772 0.635745
vt 0.903361 0.639415
vt 0.909454 0.574314
vt 0.930795 0.674135
vt 0.939415 0.624946
vt 0.915240 0.696809
vt 0.974125 0.360308
vt 0.973909 0.438692
vt 0.950341 0.466738
vt 0.953698 0.372016
vt 0.986346 0.349328
vt 0.988305 0.425300
vt 0.930823 0.365738
vt 0.926219 0.495283
vt 0.904715 0.448568
vt 0.908817 0.356883
vt 0.975033 0.506975
vt 0.950812 0.503973
vt 0.891907 0.588069
vt 0.899527 0.494706
vt 0.920210 0.492951
vt 0.936518 0.506255
vt 0.877480 0.320177
vt 0.873211 0.415909
vt 0.859125 0.392595
vt 0.865059 0.314334
vt 0.886899 0.428417
vt 0.893526 0.347316
vt 0.871344 0.604698
vt 0.856919 0.515563
vt 0.866236 0.523701
vt 0.882426 0.509515
vt 0.854955 0.625582
vt 0.846362 0.592532
vt 0.852786 0.455940
vt 0.965856 0.068093
vt 0.949889 0.060713
vt 0.944831 0.005563
vt 0.967977 0.033254
vt 0.925934 0.054976
vt 0.906917 0.062631
vt 0.894913 0.024315
vt 0.916328 0.000501
vt 0.961734 -0.003958
vt 0.935306 -0.032204
vt 0.923219 -0.040333
vt 0.949386 -0.015466
vt 0.903301 -0.041322
vt 0.873952 -0.021933
vt 0.863357 -0.041361
vt 0.883147 -0.054285
vt 0.979831 0.121305
vt 0.952415 0.101091
vt 0.984148 0.060265
vt 0.927537 0.097007
vt 0.899337 0.118039
vt 0.882154 0.049563
vt 0.910357 -0.036503
vt 0.970439 0.006321
vt 0.981655 0.021472
vt 0.846933 -0.035696
vt 0.867921 -0.047912
vt 0.862949 -0.001608
vt 0.863584 0.090762
vt 0.859040 0.139722
vt 0.837705 0.163889
vt 0.846956 0.103006
vt 0.874919 0.195562
vt 0.881241 0.137144
vt 0.858177 0.214277
vt 0.823710 0.055851
vt 0.805600 0.080867
vt 0.807220 0.047212
vt 0.824972 0.010746
vt 0.824759 0.113794
vt 0.834748 0.071582
vt 0.849605 0.018399
vt 0.840245 0.364347
vt 0.820413 0.324249
vt 0.832248 0.232424
vt 0.851592 0.286161
vt 0.846487 0.499320
vt 0.845757 0.514091
vt 0.833373 0.511183
vt 0.833524 0.446359
vt 0.812942 0.507435
vt 0.799419 0.413186
vt 0.792239 0.282656
vt 0.789785 0.234979
vt 0.783104 0.170579
vt 0.811610 0.198711
vt 0.767615 0.322458
vt 0.766041 0.405550
vt 0.754685 0.411129
vt 0.757571 0.334858
vt 0.777350 0.453995
vt 0.785728 0.359082
vt 0.761090 0.463271
vt 0.793764 0.442309
vt 0.799561 0.376876
vt 0.815313 0.289952
vt 0.791058 0.272515
vt 0.812314 0.248086
vt 0.818738 0.261135
vt 0.785353 0.285357
vt 0.775018 0.187356
vt 0.787501 0.498895
vt 0.989303 0.191050
vt 0.892582 0.180843
vt 0.868956 0.260578
vt 0.897875 0.298707
vt 0.889244 0.255855
vt 0.886752 0.650764
vt 0.974343 0.784695
vt 0.972801 0.872879
vt 0.948649 0.868744
vt 0.951342 0.781595
vt 0.970526 0.951581
vt 0.967108 1.022330
vt 0.933975 1.022352
vt 0.944333 0.947417
vt 0.928041 0.769092
vt 0.924237 0.855711
vt 0.904091 0.838039
vt 0.910193 0.753737
vt 0.890652 0.824092
vt 0.897093 0.739488
vt 0.917918 0.933555
vt 0.910656 0.987091
vt 0.898539 0.957275
vt 0.900071 0.918187
vt 0.878131 0.976154
vt 0.885433 0.905411
vt 0.904142 1.019128
vt 0.918050 1.036340
vt 0.960036 1.084716
vt 0.953340 1.099986
vt 0.912099 1.097541
vt 0.922997 1.080116
vt 0.937633 1.050897
vt 0.963877 1.054236
vt 0.917461 1.101508
vt 0.855404 1.101174
vt 0.895817 1.109088
vt 0.944745 1.110565
vt 0.869721 1.066279
vt 0.865737 1.085424
vt 0.841131 1.055326
vt 0.848341 1.028836
vt 0.815554 1.044809
vt 0.812657 1.012572
vt 0.826142 1.080669
vt 0.891868 1.084410
vt 0.891227 1.061118
vt 0.871702 1.023517
vt 0.863617 0.691853
vt 0.857199 0.779823
vt 0.844727 0.759684
vt 0.851662 0.671803
vt 0.827392 0.729908
vt 0.837766 0.645888
vt 0.828913 0.871015
vt 0.816306 0.904770
vt 0.811088 0.865197
vt 0.821124 0.826267
vt 0.837514 0.936371
vt 0.844203 0.862630
vt 0.836753 0.824550
vt 0.874146 0.804645
vt 0.881224 0.718776
vt 0.861772 0.934666
vt 0.867041 0.884184
vt 0.693364 1.022309
vt 0.718715 1.021811
vt 0.793774 1.070595
vt 0.848680 1.071764
vt 0.777959 1.012164
vt 0.741407 0.965735
vt 0.747237 0.935237
vt 0.779673 0.980040
vt 0.731822 1.000366
vt 0.780116 1.050262
vt 0.585408 0.854423
vt 0.612315 0.903266
vt 0.566426 0.933021
vt 0.587132 0.844102
vt 0.639802 0.961411
vt 0.649643 0.978717
vt 0.712516 0.869329
vt 0.717083 0.928097
vt 0.689919 0.929832
vt 0.687925 0.888630
vt 0.661436 0.892721
vt 0.652597 0.788839
vt 0.689897 0.790938
vt 0.553098 1.016184
vt 0.524131 0.979236
vt 0.588440 1.029438
vt 0.805849 0.690553
vt 0.778616 0.634842
vt 0.794443 0.576551
vt 0.817176 0.606692
vt 0.790148 0.841954
vt 0.766894 0.791045
vt 0.773447 0.736425
vt 0.796386 0.775150
vt 0.761237 0.834152
vt 0.786395 0.884275
vt 0.746634 0.734141
vt 0.714937 0.732488
vt 0.728439 0.702434
vt 0.756987 0.715534
vt 0.717933 0.783557
vt 0.731533 0.754849
vt 0.751867 0.534530
vt 0.741749 0.587443
vt 0.731624 0.567087
vt 0.746044 0.489111
vt 0.755562 0.613537
vt 0.767670 0.532351
vt 0.759120 0.481567
vt 0.778821 0.645083
vt 0.776760 0.578785
vt 0.711354 0.695014
vt 0.725442 0.653585
vt 0.743509 0.659206
vt 0.722041 0.599385
vt 0.784259 0.525470
vt 0.855818 0.980838
vt 0.707121 0.782325
vt 0.714145 0.801787
vt 0.811758 0.971153
vt 0.834090 0.982054
vt 0.753341 0.893516
vt 0.781783 0.940875
vt 0.732528 0.848552
vt 0.684637 0.776300
vt 0.255451 0.019827
vt 0.253680 -0.008748
vt 0.285366 -0.024412
vt 0.276580 0.002720
vt 0.235594 0.056200
vt 0.223208 0.041255
vt 0.216442 0.162173
vt 0.219771 0.235500
vt 0.203583 0.222656
vt 0.200485 0.146129
vt 0.232460 0.108024
vt 0.235390 0.188716
vt 0.218819 0.095919
vt 0.234044 0.324072
vt 0.254504 0.334071
vt 0.269195 0.379699
vt 0.251943 0.407118
vt 0.265365 0.099794
vt 0.280993 0.085108
vt 0.293006 0.135062
vt 0.270245 0.157984
vt 0.280651 0.245326
vt 0.300662 0.197378
vt 0.302382 0.271126
vt 0.290568 0.303779
vt 0.247669 0.137446
vt 0.249909 0.197605
vt 0.260145 0.297542
vt 0.272484 0.330973
vt 0.239433 0.249583
vt 0.289372 0.027362
vt 0.303075 0.104218
vt 0.258242 0.056910
vt 0.243948 0.284121
vt 0.313317 0.197188
vt 0.325127 0.326037
vt 0.298583 0.380961
vt 0.197439 0.086710
vt 0.195040 0.089445
vt 0.218274 0.050113
vt 0.217252 0.036959
vt 0.259887 -0.013227
vt 0.268846 0.011578
vt 0.303701 -0.002092
vt 0.296527 -0.027555
vt 0.209655 0.094667
vt 0.298131 0.153048
vt 0.275027 0.145942
vt 0.241091 0.128819
vt 0.142550 0.186433
vt 0.093701 0.119401
vt 0.424235 0.155656
vt 0.403377 0.114052
vt 0.360760 0.059962
vt 0.314922 0.069484
vt 0.415199 0.175839
vt 0.491425 0.138243
vt 0.431905 0.091952
vt 0.147671 0.174729
vt 0.215731 0.071920
vt 0.376554 0.069017
vt 0.343335 0.016983
vt 0.289460 0.033462
vt 0.324094 0.003282
vt 0.340246 0.068697
vt 0.320420 0.087928
vt 0.310500 0.034250
vt 0.356979 0.182122
vt 0.346990 0.207902
vt 0.337384 0.246490
vt 0.326605 0.165452
vt 0.368538 0.166818
vt 0.370079 0.199921
vt 0.359379 0.253790
vt 0.357604 0.030026
vt 0.388314 0.101943
vt 0.387580 0.117596
vt 0.338605 0.002236
vt 0.370165 0.129772
vt 0.379004 0.113060
vt 0.404567 0.093282
vt 0.383593 0.130441
vt 0.389891 0.098770
vt 0.466941 0.100667
vt 0.455986 0.090761
vt 0.430981 0.084905
vt 0.419592 0.104498
vt 0.426741 0.123498
vt 0.401686 0.155391
vt 0.401192 0.127393
vt 0.431905 0.150480
vt 0.417382 0.174076
vt 0.476386 0.101560
vt 0.477980 0.121351
vt 0.451439 0.112425
vt 0.446843 0.092582
vt 0.479275 0.147867
vt 0.454920 0.136523
vt 0.385150 0.158154
vt 0.438019 0.082488
vt 0.472739 0.090836
vt 0.407028 0.092592
vt 0.483578 0.105219
vt 0.303059 -0.014619
vt 0.321206 -0.016128
vt 0.206907 0.090243
vt 0.387112 0.195790
vt 0.182343 0.134251
vt 0.058300 0.080179
vt 0.101756 0.034049
vt 0.262401 0.485671
vt 0.282081 0.568237
vt 0.265442 0.576678
vt 0.253312 0.521218
vt 0.287244 0.436130
vt 0.294975 0.519605
vt 0.289407 0.601597
vt 0.308019 0.676877
vt 0.306258 0.727024
vt 0.275596 0.655764
vt 0.305647 0.575275
vt 0.321048 0.691101
vt 0.321975 0.725384
vt 0.295605 0.428727
vt 0.311207 0.332113
vt 0.332542 0.462236
vt 0.317150 0.479001
vt 0.323923 0.575709
vt 0.338980 0.534131
vt 0.350226 0.620969
vt 0.335754 0.659541
vt 0.297736 0.463296
vt 0.299547 0.459925
vt 0.300559 0.467360
vt 0.298761 0.470662
vt 0.340796 0.483128
vt 0.341539 0.491469
vt 0.358712 0.765663
vt 0.373178 0.737612
vt 0.384300 0.779459
vt 0.371547 0.807158
vt 0.363783 0.700020
vt 0.348617 0.725718
vt 0.341814 0.782952
vt 0.361603 0.817448
vt 0.337832 0.731045
vt 0.336701 0.818429
vt 0.363278 0.849301
vt 0.382426 0.869638
vt 0.361568 0.848841
vt 0.351505 0.820669
vt 0.370639 0.851754
vt 0.402368 0.883425
vt 0.437618 0.889559
vt 0.483684 0.876652
vt 0.504460 0.847306
vt 0.421455 0.861802
vt 0.411719 0.835794
vt 0.431952 0.856533
vt 0.417930 0.881231
vt 0.405066 0.859558
vt 0.457474 0.862160
vt 0.484261 0.849041
vt 0.485135 0.872834
vt 0.451309 0.887521
vt 0.391828 0.853419
vt 0.401493 0.870995
vt 0.473014 0.881612
vt 0.444434 0.891953
vt 0.419154 0.856406
vt 0.399950 0.814785
vt 0.418228 0.887336
vt 0.497191 0.861375
vt 0.345147 0.328891
vt 0.365671 0.289405
vt 0.367884 0.373742
vt 0.347854 0.425782
vt 0.353882 0.498095
vt 0.373914 0.458069
vt 0.381675 0.544472
vt 0.365599 0.581912
vt 0.390534 0.249039
vt 0.395079 0.326634
vt 0.381944 0.349064
vt 0.378522 0.299423
vt 0.405430 0.261677
vt 0.407599 0.311333
vt 0.402074 0.413935
vt 0.406020 0.503690
vt 0.391181 0.490133
vt 0.387407 0.432683
vt 0.373822 0.252281
vt 0.395032 0.551811
vt 0.411424 0.378905
vt 0.345013 0.483524
vt 0.344282 0.475209
vt 0.386064 0.693517
vt 0.400138 0.627934
vt 0.406974 0.687712
vt 0.396912 0.734288
vt 0.386700 0.608567
vt 0.377395 0.653998
vt 0.437374 0.201777
vt 0.441573 0.281123
vt 0.420851 0.295969
vt 0.414909 0.220555
vt 0.443879 0.370112
vt 0.443576 0.474851
vt 0.429213 0.458670
vt 0.422513 0.393637
vt 0.415626 0.436930
vt 0.424000 0.490460
vt 0.436423 0.517863
vt 0.480975 0.195572
vt 0.482074 0.272508
vt 0.461689 0.272846
vt 0.458999 0.193978
vt 0.482833 0.359049
vt 0.483474 0.453302
vt 0.464264 0.455668
vt 0.463264 0.361157
vt 0.429997 0.758959
vt 0.442152 0.762036
vt 0.438753 0.810509
vt 0.422917 0.791910
vt 0.463425 0.760726
vt 0.484650 0.757118
vt 0.484802 0.803612
vt 0.461407 0.817026
vt 0.444008 0.566085
vt 0.445244 0.653655
vt 0.430401 0.647324
vt 0.424697 0.591140
vt 0.484152 0.582538
vt 0.484628 0.650331
vt 0.464877 0.655874
vt 0.464920 0.584865
vt 0.464745 0.532645
vt 0.483817 0.528870
vt 0.416624 0.638205
vt 0.422824 0.709455
vt 0.443896 0.718017
vt 0.484735 0.716326
vt 0.464234 0.716593
vt 0.449258 0.527095
vt 0.411943 0.772486
vt 0.404430 0.210268
vt 0.328664 0.782308
vt 0.410395 0.575579
vt 0.310016 0.767455
vt 0.847985 -0.022037
vt 0.795512 -0.015411
vt 0.883818 -0.009567
vt 0.892556 -0.015248
vt 0.931404 -0.000318
vt 0.969655 0.017365
vt 0.828789 0.000670
vt 0.879895 -0.015003
vt 0.818432 -0.020121
vt 0.794270 0.018147
vt 0.810758 -0.000680
vt 0.842872 -0.036571
vt 0.779859 0.040313
vt 0.765570 0.031376
vt 0.743589 0.027806
vt 0.716344 -0.003345
vt 0.692993 -0.007837
vt 0.684964 -0.000937
vt 0.679415 0.040869
vt 0.678394 0.018719
vt 0.597280 0.037292
vt 0.565334 0.062965
vt 0.496930 0.133458
vt 0.568511 0.071134
vt 0.555051 0.087723
vt 0.521275 0.111181
vt 0.681366 0.042694
vt 0.683238 0.011427
vt 0.652529 -0.000893
vt 0.780115 0.088934
vt 0.786458 0.118188
vt 0.744521 0.060807
vt 0.748207 0.045334
vt 0.756011 0.209968
vt 0.736317 0.165456
vt 0.740006 0.109418
vt 0.763050 0.152437
vt 0.743447 0.234375
vt 0.736660 0.223159
vt 0.737639 0.373222
vt 0.715463 0.331415
vt 0.724625 0.250796
vt 0.744904 0.280775
vt 0.702327 0.076900
vt 0.683573 0.067242
vt 0.687019 0.029806
vt 0.716415 0.039786
vt 0.719936 0.011277
vt 0.683882 -0.000603
vt 0.708150 0.255396
vt 0.699518 0.302318
vt 0.689048 0.283815
vt 0.703223 0.213629
vt 0.673341 0.256671
vt 0.678296 0.165885
vt 0.709401 0.112735
vt 0.720013 0.086620
vt 0.721040 0.213614
vt 0.689677 0.113833
vt 0.756278 0.267421
vt 0.670914 0.123421
vt 0.532391 0.158881
vt 0.544543 0.197322
vt 0.518931 0.151035
vt 0.510899 0.125777
vt 0.523194 0.134483
vt 0.526766 0.144182
vt 0.638996 0.003018
vt 0.621190 0.024912
vt 0.594445 0.036849
vt 0.613575 0.016368
vt 0.608767 0.052395
vt 0.583023 0.066636
vt 0.595859 0.098543
vt 0.585917 0.173596
vt 0.563862 0.180947
vt 0.572546 0.106885
vt 0.506656 0.151170
vt 0.497273 0.122316
vt 0.525876 0.188954
vt 0.562812 0.066207
vt 0.593236 0.036344
vt 0.567050 0.085904
vt 0.514128 0.132990
vt 0.669465 0.033079
vt 0.662817 0.067631
vt 0.640634 0.038923
vt 0.659123 0.011537
vt 0.633443 0.130294
vt 0.627870 0.191844
vt 0.607751 0.176725
vt 0.619060 0.096962
vt 0.642702 0.210674
vt 0.649103 0.111406
vt 0.638492 0.085580
vt 0.663186 0.170752
vt 0.655594 0.229634
vt 0.625979 0.060022
vt 0.670192 -0.011722
vt 0.811175 0.007234
vt 0.773594 0.054237
vt 0.766529 0.055323
vt 0.719565 0.001440
vt 0.698915 -0.003287
vt 0.496894 0.046711
vt 0.790187 0.094005
vt 0.546217 0.808502
vt 0.526427 0.837876
vt 0.546305 0.800780
vt 0.583848 0.738018
vt 0.515422 0.838111
vt 0.539491 0.809205
vt 0.587195 0.764260
vt 0.587708 0.748611
vt 0.625600 0.752087
vt 0.652622 0.781679
vt 0.644824 0.793331
vt 0.543934 0.788288
vt 0.537733 0.758223
vt 0.551797 0.712568
vt 0.560014 0.739204
vt 0.518863 0.798945
vt 0.516754 0.838368
vt 0.574351 0.644181
vt 0.596971 0.657133
vt 0.606358 0.703047
vt 0.572461 0.695420
vt 0.503512 0.846388
vt 0.504818 0.822734
vt 0.717732 0.540286
vt 0.698494 0.497777
vt 0.707176 0.413880
vt 0.727734 0.457549
vt 0.696706 0.684692
vt 0.676381 0.652336
vt 0.685385 0.601552
vt 0.705021 0.636948
vt 0.691474 0.557841
vt 0.710874 0.591507
vt 0.613691 0.621084
vt 0.631708 0.577807
vt 0.643911 0.653268
vt 0.628400 0.652990
vt 0.689361 0.380250
vt 0.682520 0.465954
vt 0.672503 0.447256
vt 0.679158 0.361979
vt 0.658061 0.421810
vt 0.666221 0.339184
vt 0.657812 0.606650
vt 0.646610 0.568540
vt 0.648327 0.498926
vt 0.668496 0.548419
vt 0.680087 0.523536
vt 0.665335 0.695595
vt 0.685719 0.732777
vt 0.634741 0.522540
vt 0.645690 0.737356
vt 0.656941 0.717008
vt 0.671591 0.738448
vt 0.671308 0.764811
vt 0.626944 0.686734
vt 0.642683 0.685394
vt 0.580439 0.257250
vt 0.578016 0.347350
vt 0.553920 0.349731
vt 0.549745 0.280037
vt 0.578250 0.450877
vt 0.571749 0.502767
vt 0.557243 0.502436
vt 0.551533 0.448439
vt 0.583122 0.560625
vt 0.588103 0.489422
vt 0.559515 0.578859
vt 0.516355 0.252160
vt 0.517880 0.297187
vt 0.503399 0.283062
vt 0.504313 0.211010
vt 0.532095 0.313062
vt 0.530629 0.241940
vt 0.512596 0.201892
vt 0.517098 0.380015
vt 0.514707 0.436970
vt 0.503722 0.460327
vt 0.503435 0.367274
vt 0.526338 0.483795
vt 0.530410 0.395974
vt 0.510508 0.497638
vt 0.544588 0.333428
vt 0.544663 0.293825
vt 0.539381 0.470641
vt 0.542119 0.415459
vt 0.549172 0.253132
vt 0.536747 0.534017
vt 0.528568 0.611352
vt 0.522019 0.671821
vt 0.506653 0.695782
vt 0.514184 0.627530
vt 0.529710 0.715317
vt 0.542383 0.669191
vt 0.512982 0.758686
vt 0.500362 0.639875
vt 0.505635 0.572711
vt 0.520650 0.562734
vt 0.543878 0.586919
vt 0.551743 0.626678
vt 0.500518 0.781151
vt 0.496124 0.750760
vt 0.622141 0.274156
vt 0.616561 0.354304
vt 0.598856 0.353563
vt 0.600759 0.260250
vt 0.625979 0.382579
vt 0.635192 0.291131
vt 0.623422 0.466623
vt 0.619115 0.535158
vt 0.604831 0.544544
vt 0.601662 0.480091
vt 0.596337 0.412896
vt 0.611194 0.414389
vt 0.647673 0.309233
vt 0.641398 0.394799
vt 0.637992 0.455063
vt 0.591498 0.617447
vt 0.569906 0.614473
vt 0.612630 0.653833
vt 0.686074 0.756848
vt 0.496922 0.518990
vt 0.990010 0.040776
vt 1.031353 0.077907
vt 1.004175 0.045632
vt 1.006161 0.056765
vt 1.058300 0.080179
vt 1.101756 0.034049
vt 0.495383 0.168216
vt 1.112053 1.034463
vt 1.040096 1.052814
vt 0.012596 0.709552
s 1
f 3/1/1 4/2/2 6/3/3 5/4/4
f 8/5/5 11/6/6 12/7/7 9/8/8
f 7/9/9 9/8/8 12/7/7 10/10/10
f 16/11/11 18/12/12 20/13/13 19/14/14
f 3/1/1 16/11/11 17/15/15 4/2/2
f 3/1/1 5/4/4 18/12/12 16/11/11
f 8/5/5 9/8/8 17/15/15 16/11/11
f 8/5/5 16/11/11 19/14/14 11/6/6
f 14/16/16 19/14/14 20/13/13 15/17/17
f 13/18/18 15/17/17 20/13/13 18/12/12
f 1/19/19 4/2/2 17/15/15 9/8/8
f 23/20/20 24/21/21 26/22/22 25/23/23
f 31/24/24 32/25/25 34/26/26 33/27/27
f 29/28/28 33/27/27 34/26/26 30/29/29
f 28/30/30 30/29/29 34/26/26 32/25/25
f 38/31/31 39/32/32 42/33/33 41/34/34
f 43/35/35 44/36/36 47/37/37 45/38/38
f 26/22/22 40/39/39 39/32/32 25/23/23
f 23/20/20 25/23/23 39/32/32 38/31/31
f 31/40/24 48/41/40 49/42/41 32/43/25
f 31/24/24 33/27/27 50/44/42 48/45/40
f 39/32/32 40/39/39 49/42/43 48/41/44
f 39/32/32 48/41/44 51/46/45 42/33/33
f 36/47/46 41/34/34 42/33/33 37/48/47
f 38/31/31 41/34/34 36/47/46 35/49/48
f 43/35/35 48/45/40 50/44/42 44/36/36
f 43/50/35 45/51/38 51/46/49 48/41/40
f 37/48/50 42/33/50 51/46/50 45/51/50
f 27/52/51 44/36/36 50/44/42 33/27/27
f 26/22/22 32/43/52 49/42/43 40/39/39
f 53/53/53 56/54/54 57/55/55 54/56/56
f 52/57/57 54/56/56 57/55/55 55/58/58
f 58/59/59 59/60/60 61/61/61 60/62/62
f 71/63/63 74/64/64 75/65/65 72/66/66
f 71/63/63 73/67/67 76/68/68 74/64/64
f 56/54/54 65/69/69 66/70/70 57/55/55
f 63/71/71 64/72/72 73/67/67 71/63/63
f 53/53/53 62/73/73 63/71/71 56/54/54
f 71/63/63 72/66/66 66/70/70 65/69/69
f 61/61/61 64/72/72 63/71/71 60/62/62
f 58/59/59 60/62/62 63/71/71 62/73/73
f 68/74/74 74/64/75 76/68/76 70/75/77
f 61/61/61 67/76/78 73/67/67 64/72/72
f 56/54/54 63/71/71 71/63/63 65/69/69
f 78/77/79 81/78/80 82/79/81 79/80/82
f 77/81/83 79/82/82 82/83/81 80/84/84
f 84/85/85 87/86/86 88/87/87 85/88/88
f 83/89/89 85/88/88 88/87/87 86/90/90
f 81/91/80 84/85/85 85/88/88 82/83/81
f 80/84/84 82/83/81 85/88/88 83/89/89
f 90/92/91 93/93/91 94/94/92 91/95/93
f 89/96/94 91/95/93 94/94/92 92/97/95
f 95/98/96 96/99/96 98/100/96 97/101/96
f 100/102/97 101/103/97 103/104/98 102/105/99
f 100/102/100 104/106/101 105/107/102 101/103/103
f 100/102/100 102/105/104 106/108/104 104/106/101
f 93/93/105 102/105/99 103/104/98 94/94/105
f 92/97/95 94/94/92 103/104/106 101/103/106
f 90/92/107 91/95/108 96/99/109 95/98/107
f 90/92/110 95/98/110 99/109/110 93/93/110
f 102/105/111 109/110/111 110/111/111 106/108/111
f 101/103/103 105/107/102 108/112/112 107/113/112
f 93/93/113 99/109/113 109/110/113 102/105/113
f 11/6/6 53/53/53 54/56/56 12/7/7
f 10/10/10 12/7/7 54/56/56 52/57/57
f 14/16/16 15/17/17 59/60/60 58/59/59
f 14/16/16 58/59/59 62/73/73 19/14/14
f 11/6/6 19/14/14 62/73/73 53/53/53
f 36/47/46 37/48/47 91/95/114 89/96/115
f 46/114/116 97/101/117 98/100/118 47/115/119
f 45/51/120 47/115/120 98/100/120 96/99/120
f 37/48/121 45/51/121 96/99/109 91/95/108
f 13/18/18 35/49/48 36/47/46 15/17/17
f 5/4/4 6/3/3 24/21/21 23/20/20
f 2/116/122 22/117/123 24/21/21 6/3/3
f 13/18/18 18/12/12 38/31/31 35/49/48
f 5/4/4 23/20/20 38/31/31 18/12/12
f 59/60/60 89/96/115 92/97/124 61/61/61
f 69/118/125 70/75/77 105/107/126 104/106/127
f 73/67/67 107/113/128 108/112/129 76/68/68
f 101/103/130 107/113/128 73/67/67 67/76/78
f 70/75/77 76/68/76 108/112/131 105/107/126
f 61/61/61 92/97/124 101/103/130 67/76/78
f 77/81/83 95/98/132 97/101/117 79/82/82
f 77/81/83 80/84/84 99/109/133 95/98/132
f 88/87/87 111/119/134 110/111/135 86/90/90
f 83/89/89 86/90/90 110/111/135 109/110/136
f 80/84/84 83/89/89 109/110/136 99/109/133
f 21/120/137 79/80/82 97/121/117 46/122/116
f 15/17/17 36/47/46 89/96/115 59/60/60
f 115/123/138 116/124/139 118/125/140 117/126/141
f 115/123/138 119/127/142 120/128/143 116/124/139
f 115/123/138 117/126/141 121/129/144 119/127/142
f 120/128/143 122/130/145 118/125/140 116/124/139
f 124/131/146 125/132/147 127/133/148 126/134/149
f 128/135/150 129/136/151 131/137/152 130/138/153
f 128/135/150 132/139/154 133/140/155 129/136/151
f 137/141/156 138/142/157 140/143/158 139/144/159
f 135/145/160 139/144/159 140/143/158 136/146/161
f 137/141/156 139/144/159 135/145/160 134/147/162
f 112/148/163 130/138/153 131/137/152 113/149/164
f 124/131/146 141/150/165 142/151/166 125/132/147
f 142/151/166 143/152/167 127/133/148 125/132/147
f 112/148/163 113/149/164 120/128/143 119/127/142
f 135/145/160 136/146/161 142/151/166 141/150/165
f 140/143/158 144/153/168 142/151/166 136/146/161
f 120/128/143 124/131/146 126/134/149 122/130/145
f 118/125/140 122/130/145 126/134/149 123/154/169
f 129/136/151 134/147/162 135/145/160 131/137/152
f 129/136/151 133/140/155 137/141/156 134/147/162
f 113/149/164 114/155/170 124/131/146 120/128/143
f 113/149/164 131/137/152 135/145/160 114/155/170
f 135/145/160 141/150/165 124/131/146 114/155/170
f 148/156/171 149/157/172 147/158/173 146/159/174
f 150/160/175 151/161/176 153/162/177 152/163/178
f 153/162/177 156/164/179 155/165/180 152/163/178
f 150/160/175 152/163/178 155/165/180 154/166/181
f 159/167/182 160/168/183 162/169/184 161/170/185
f 159/167/182 161/170/185 158/171/186 157/172/187
f 163/173/188 164/174/189 166/175/190 165/176/191
f 163/177/188 167/178/192 168/179/193 164/180/189
f 169/181/194 170/182/195 172/183/196 171/184/197
f 169/185/194 173/186/198 174/187/199 170/188/195
f 174/189/199 175/190/200 172/183/196 170/182/195
f 176/191/201 177/192/202 162/169/184 160/168/183
f 155/165/180 156/164/179 168/179/203 167/178/204
f 161/170/205 162/169/206 174/187/199 173/186/198
f 151/161/176 157/172/187 158/171/186 153/162/177
f 158/171/186 161/170/185 156/164/179 153/162/177
f 164/174/189 169/181/194 171/184/197 166/175/190
f 164/180/189 168/179/193 173/186/198 169/185/194
f 156/164/207 161/170/205 173/186/198 168/179/193
f 177/192/208 178/193/209 174/187/199 162/169/206
f 185/194/210 186/195/211 184/196/212 183/197/213
f 187/198/214 188/199/215 190/200/216 189/201/217
f 187/202/214 191/203/218 192/204/219 188/205/215
f 192/206/219 193/207/220 190/200/216 188/199/215
f 181/208/221 189/201/217 190/200/216 182/209/222
f 187/198/214 189/201/217 181/208/221 180/210/223
f 186/195/224 191/203/218 187/202/214 184/196/225
f 198/211/226 199/212/227 197/213/228 196/214/229
f 194/215/230 196/214/229 197/213/228 195/216/231
f 202/217/232 203/218/233 201/219/234 200/220/235
f 202/217/232 205/221/236 206/222/237 203/218/233
f 204/223/238 205/221/236 202/217/232 200/220/235
f 209/224/239 211/225/240 212/226/241 210/227/242
f 219/228/243 220/229/244 218/230/245 217/231/246
f 226/232/247 227/233/248 225/234/249 224/235/250
f 221/236/251 224/235/250 225/234/249 222/237/252
f 225/234/249 227/233/248 223/238/253 222/237/252
f 198/211/226 209/224/239 210/227/242 199/212/227
f 205/221/236 213/239/254 214/240/255 206/222/237
f 217/231/246 218/230/245 212/226/241 211/225/240
f 209/224/239 216/241/256 217/231/246 211/225/240
f 206/222/237 208/242/257 207/243/258 203/218/233
f 221/236/251 222/237/252 214/240/255 213/239/254
f 215/244/259 224/235/250 221/236/251 213/239/254
f 199/212/227 205/221/236 204/223/238 197/213/228
f 195/216/231 197/213/228 204/223/238 200/220/235
f 210/227/242 212/226/241 215/244/259 213/239/254
f 220/229/244 226/232/247 224/235/250 218/230/245
f 218/230/245 224/235/250 215/244/259 212/226/241
f 199/212/227 210/227/242 213/239/254 205/221/236
f 214/240/255 222/237/252 208/242/257 206/222/237
f 231/245/260 232/246/261 230/247/262 229/248/263
f 233/249/264 234/250/265 232/246/261 231/245/260
f 237/251/266 238/252/267 236/253/268 235/254/269
f 241/255/270 242/256/271 240/257/272 239/258/273
f 243/259/274 246/260/275 247/261/276 244/262/277
f 247/261/276 248/263/278 245/264/279 244/262/277
f 254/265/280 257/266/281 258/267/282 255/268/283
f 258/267/284 259/269/285 256/270/286 255/268/287
f 250/271/288 251/272/289 242/256/271 241/255/270
f 246/260/275 254/265/280 255/268/283 247/261/276
f 255/268/283 256/270/290 248/263/278 247/261/276
f 242/256/291 246/260/275 243/259/274 240/257/292
f 253/273/293 257/266/281 254/265/280 251/272/294
f 256/270/286 259/269/285 261/274/295 260/275/296
f 248/263/278 256/270/290 260/275/297 249/276/297
f 251/272/294 254/265/280 246/260/275 242/256/291
f 132/139/154 194/215/230 195/216/231 133/140/155
f 137/141/156 200/220/235 201/219/234 138/142/157
f 201/219/234 203/218/233 140/143/158 138/142/157
f 133/140/155 195/216/231 200/220/235 137/141/156
f 229/248/263 230/247/262 149/157/172 148/156/171
f 228/277/298 229/248/263 148/156/171 145/278/299
f 239/258/273 240/257/272 186/195/211 185/194/210
f 191/203/218 243/259/274 244/262/277 192/204/219
f 244/262/277 245/264/279 193/279/220 192/204/219
f 240/257/292 243/259/274 191/203/218 186/195/224
f 117/126/141 118/125/140 151/161/176 150/160/175
f 126/134/149 127/133/148 160/168/183 159/167/182
f 126/134/149 159/167/182 157/172/187 123/154/169
f 118/125/140 123/154/169 157/172/187 151/161/176
f 143/152/167 176/191/201 160/168/183 127/133/148
f 227/233/248 237/251/266 235/254/269 223/238/253
f 149/157/172 185/194/210 183/197/213 147/158/173
f 232/246/261 241/255/270 239/258/273 230/247/262
f 234/250/265 250/271/288 241/255/270 232/246/261
f 142/151/166 146/159/174 147/158/173 143/152/167
f 142/151/166 144/153/168 148/156/171 146/159/174
f 140/143/158 145/278/299 148/156/171 144/153/168
f 174/189/199 180/210/223 181/208/221 175/190/200
f 172/183/196 175/190/200 181/208/221 179/280/300
f 176/191/201 183/197/213 184/196/212 177/192/202
f 177/192/208 184/196/225 187/202/214 178/193/209
f 174/187/199 178/193/209 187/202/214 180/281/223
f 207/243/258 208/242/257 231/245/260 229/248/263
f 223/238/253 234/250/265 233/249/264 222/237/252
f 207/243/258 229/248/263 228/277/298 203/218/233
f 208/242/257 222/237/252 233/249/264 231/245/260
f 236/253/268 251/272/289 250/271/288 235/254/269
f 237/251/301 252/282/302 253/273/303 238/252/304
f 236/253/305 238/252/305 253/273/293 251/272/294
f 143/152/167 147/158/173 183/197/213 176/191/201
f 235/254/269 250/271/288 234/250/265 223/238/253
f 140/143/158 203/218/233 228/277/298 145/278/299
f 230/247/262 239/258/273 185/194/210 149/157/172
f 265/283/306 266/284/307 268/285/308 267/286/309
f 263/287/310 267/286/309 268/285/308 264/288/311
f 262/289/312 264/288/311 268/285/308 266/284/307
f 272/290/313 273/291/314 275/292/315 274/293/316
f 270/294/317 273/291/314 272/290/313 269/295/318
f 270/294/317 271/296/319 275/292/315 273/291/314
f 263/287/310 264/288/311 270/294/317 269/295/318
f 263/287/310 269/295/318 272/290/313 267/286/309
f 278/297/320 279/298/321 281/299/322 280/300/323
f 278/297/320 280/300/323 283/301/324 282/302/325
f 288/303/326 289/304/327 291/305/328 290/306/329
f 286/307/330 289/304/327 288/303/326 285/308/331
f 286/307/330 287/309/332 291/305/328 289/304/327
f 292/310/333 293/311/334 295/312/335 294/313/336
f 292/310/333 296/314/337 297/315/338 293/311/334
f 298/316/339 299/317/340 301/318/341 300/319/342
f 276/320/343 277/321/344 295/312/345 293/311/346
f 291/305/328 304/322/347 303/323/348 290/306/329
f 288/303/326 290/306/329 303/323/348 302/324/349
f 294/313/336 295/312/335 299/317/340 298/316/339
f 280/300/323 281/299/322 286/307/330 285/308/331
f 280/300/323 285/308/331 288/303/326 283/301/324
f 276/320/343 282/302/325 283/301/324 277/321/344
f 299/317/340 302/324/350 303/323/351 301/318/341
f 277/321/344 283/301/324 288/303/326 284/325/352
f 288/303/326 302/324/349 299/317/353 284/325/352
f 277/321/344 284/325/352 299/317/353 295/312/345
f 310/326/354 311/327/355 313/328/356 312/329/357
f 309/330/358 311/327/355 310/326/354 308/331/359
f 315/332/360 318/333/361 317/334/362 314/335/363
f 315/332/360 316/336/364 320/337/365 318/333/361
f 311/327/355 317/334/366 319/338/367 313/328/356
f 314/335/368 317/334/366 311/327/355 309/330/358
f 321/339/369 322/340/370 324/341/371 323/342/372
f 329/343/373 330/344/374 332/345/375 331/346/376
f 337/347/377 338/348/378 340/349/379 339/350/380
f 345/351/381 346/352/382 348/353/383 347/354/384
f 323/342/372 324/341/371 338/348/378 337/347/377
f 331/346/376 332/345/375 346/352/382 345/351/381
f 322/340/370 329/343/373 331/346/376 324/341/371
f 338/348/378 345/351/381 347/354/384 340/349/379
f 321/339/369 325/355/385 327/356/386 322/340/370
f 321/339/369 323/342/372 328/357/387 325/355/385
f 329/343/373 333/358/388 334/359/389 330/344/374
f 334/359/389 336/360/390 332/345/375 330/344/374
f 340/349/379 344/361/391 342/362/392 339/350/380
f 337/347/377 339/350/380 342/362/392 341/363/393
f 348/353/383 351/364/394 350/365/395 347/354/384
f 349/366/396 351/364/394 348/353/383 346/352/382
f 322/340/370 327/356/386 333/358/388 329/343/373
f 347/354/384 350/365/395 344/361/391 340/349/379
f 323/342/372 337/347/377 341/363/393 328/357/387
f 336/360/390 349/366/396 346/352/382 332/345/375
f 324/341/371 331/346/376 345/351/381 338/348/378
f 355/367/397 356/368/398 358/369/399 357/370/400
f 353/371/401 356/368/398 355/367/397 352/372/402
f 353/371/401 354/373/403 358/369/399 356/368/398
f 364/374/404 365/375/405 363/376/406 362/377/407
f 361/378/408 365/375/405 364/374/404 360/379/409
f 359/380/410 360/379/409 364/374/404 362/377/407
f 358/369/399 361/378/408 360/379/409 357/370/400
f 355/367/397 357/370/400 360/379/409 359/380/410
f 368/381/411 370/382/412 369/383/413 367/384/414
f 371/385/415 372/386/416 374/387/417 373/388/418
f 374/387/417 376/389/419 375/390/420 373/388/418
f 381/391/421 383/392/422 382/393/423 380/394/424
f 393/395/425 394/396/426 396/397/427 395/398/428
f 391/399/429 394/396/426 393/395/425 390/400/430
f 391/399/429 392/401/431 396/397/427 394/396/426
f 376/389/432 385/402/433 384/403/434 375/390/435
f 378/404/436 387/405/437 386/406/438 377/407/439
f 369/383/413 370/382/412 378/404/436 377/407/439
f 386/406/438 387/405/437 381/391/421 380/394/424
f 382/393/440 383/392/441 389/408/442 388/409/443
f 381/391/444 387/405/445 389/408/442 383/392/441
f 384/403/434 385/402/433 391/399/429 390/400/430
f 373/388/418 375/390/420 370/382/412 368/381/411
f 390/400/430 393/395/425 389/408/442 387/405/445
f 381/391/446 384/403/434 390/400/430 387/405/445
f 375/390/420 384/403/447 381/391/448 370/382/412
f 369/383/413 377/407/439 386/406/438 380/394/424
f 381/391/448 387/405/437 378/404/436 370/382/412
f 376/389/432 379/410/449 391/399/429 385/402/433
f 265/283/306 325/355/385 326/411/450 266/284/307
f 265/283/306 267/286/309 327/356/386 325/355/385
f 275/292/315 335/412/451 334/359/389 274/293/316
f 272/290/313 274/293/316 334/359/389 333/358/388
f 267/286/309 272/290/313 333/358/388 327/356/386
f 313/328/356 368/381/411 367/384/414 312/329/357
f 310/326/354 312/329/357 367/384/414 366/413/452
f 318/333/453 372/386/416 371/385/415 317/334/366
f 371/385/415 373/388/418 319/338/367 317/334/366
f 318/333/361 320/337/365 374/387/454 372/386/455
f 319/338/367 373/388/418 368/381/411 313/328/356
f 271/296/319 305/414/456 306/415/457 275/292/315
f 334/359/389 335/412/451 353/371/401 352/372/402
f 334/359/389 352/372/402 355/367/397 336/360/390
f 349/366/396 359/380/410 362/377/407 351/364/394
f 336/360/390 355/367/397 359/380/410 349/366/396
f 300/319/342 301/318/341 309/330/358 308/331/359
f 303/323/348 304/322/347 315/332/360 314/335/363
f 301/318/341 303/323/351 314/335/368 309/330/358
f 291/305/328 307/416/458 315/332/360 304/322/347
f 262/289/312 292/310/333 294/313/336 264/288/311
f 262/289/312 266/284/307 296/314/337 292/310/333
f 270/294/317 298/316/339 300/319/342 271/296/319
f 264/288/311 294/313/336 298/316/339 270/294/317
f 308/331/359 310/326/354 306/415/457 305/414/456
f 353/371/401 366/413/452 367/384/414 354/373/403
f 367/384/414 369/383/413 358/369/399 354/373/403
f 380/394/424 382/393/423 365/375/405 361/378/408
f 369/383/413 380/394/424 361/378/408 358/369/399
f 271/296/319 300/319/342 308/331/359 305/414/456
f 310/326/354 366/413/452 353/371/401 306/415/457
f 275/292/315 306/415/457 353/371/401 335/412/451
f 397/417/459 398/418/460 400/419/461 399/420/462
f 401/421/463 402/422/464 404/423/465 403/424/466
f 406/425/467 407/426/468 409/427/469 408/428/470
f 409/427/469 411/429/471 410/430/472 408/428/470
f 412/431/473 413/432/474 415/433/475 414/434/476
f 415/433/475 418/435/477 417/436/478 414/434/476
f 416/437/479 418/435/477 415/433/475 413/432/474
f 399/420/462 400/419/461 407/426/468 406/425/467
f 403/424/466 404/423/465 413/432/474 412/431/473
f 405/438/480 416/437/479 413/432/474 404/423/465
f 398/418/460 401/421/463 403/424/466 400/419/461
f 407/426/468 412/431/473 414/434/476 409/427/469
f 414/434/476 417/436/478 411/429/471 409/427/469
f 400/419/461 403/424/466 412/431/473 407/426/468
f 422/439/481 423/440/482 425/441/483 424/442/484
f 422/439/481 424/442/484 421/443/485 420/444/486
f 431/445/487 432/446/488 430/447/489 429/448/490
f 433/449/491 434/450/492 436/451/493 435/452/494
f 436/451/493 439/453/495 438/454/496 435/452/494
f 437/455/497 439/453/495 436/451/493 434/450/492
f 429/448/490 430/447/489 425/441/483 423/440/482
f 427/456/498 434/450/492 433/449/491 426/457/499
f 433/449/491 435/452/494 428/458/500 426/457/499
f 424/442/484 425/441/483 427/456/498 426/457/499
f 432/446/488 437/455/497 434/450/492 430/447/489
f 430/447/489 434/450/492 427/456/498 425/441/483
f 444/459/501 445/460/502 447/461/503 446/462/504
f 447/461/503 449/463/505 448/464/506 446/462/504
f 453/465/507 454/466/508 456/467/509 455/468/510
f 451/469/511 454/466/508 453/465/507 450/470/512
f 453/465/507 455/468/510 452/471/513 450/470/512
f 441/472/514 445/460/502 444/459/501 440/473/515
f 443/474/516 451/469/511 450/470/512 442/475/517
f 445/460/502 450/470/512 452/471/513 447/461/503
f 452/471/513 455/468/510 449/463/505 447/461/503
f 442/475/517 450/470/512 445/460/502 441/472/514
f 463/476/518 464/477/519 462/478/520 461/479/521
f 468/480/522 471/481/523 470/482/524 467/483/525
f 469/484/526 471/481/523 468/480/522 466/485/527
f 476/486/528 477/487/529 475/488/530 474/489/531
f 475/488/530 477/487/529 473/490/532 472/491/533
f 482/492/534 483/493/535 481/494/536 480/495/537
f 481/494/536 485/496/538 484/497/539 480/495/537
f 484/497/539 486/498/540 482/492/534 480/495/537
f 472/491/541 473/490/542 464/477/519 463/476/518
f 471/481/523 483/493/535 482/492/534 470/482/524
f 481/494/536 483/493/535 471/481/523 469/484/526
f 464/477/519 469/484/526 466/485/527 462/478/520
f 484/497/539 485/496/538 477/487/543 476/486/544
f 477/487/543 485/496/538 481/494/536 473/490/542
f 478/499/545 479/500/546 475/488/530 472/491/533
f 465/501/547 478/499/545 472/491/533 463/476/548
f 473/490/542 481/494/536 469/484/526 464/477/519
f 488/502/549 490/503/550 489/504/551 487/505/552
f 493/506/553 496/507/554 495/508/555 492/509/556
f 494/510/557 496/507/554 493/506/553 491/511/558
f 502/512/559 505/513/560 504/514/561 501/515/562
f 503/516/563 505/513/560 502/512/559 500/517/564
f 509/518/565 510/519/566 512/520/567 511/521/568
f 507/522/569 510/519/566 509/518/565 506/523/570
f 509/518/565 511/521/568 508/524/571 506/523/570
f 490/503/572 499/525/573 498/526/574 489/504/575
f 496/507/554 502/512/576 501/515/577 495/508/555
f 500/517/578 502/512/576 496/507/554 494/510/557
f 498/526/574 499/525/573 507/522/569 506/523/570
f 504/514/561 505/513/560 515/527/579 514/528/580
f 504/514/561 514/528/580 513/529/581 501/515/562
f 492/509/556 495/508/555 490/503/550 488/502/549
f 510/519/566 514/528/580 516/530/582 512/520/567
f 513/529/581 514/528/580 510/519/566 507/522/569
f 499/525/573 501/515/562 513/529/581 507/522/569
f 495/508/555 501/515/577 499/525/583 490/503/550
f 498/526/574 506/523/570 497/531/584 489/504/575
f 461/479/521 462/478/520 432/446/488 431/445/487
f 439/453/495 468/480/522 467/483/525 438/454/496
f 466/485/527 468/480/522 439/453/495 437/455/497
f 462/478/520 466/485/527 437/455/497 432/446/488
f 449/463/505 488/502/549 487/505/552 448/464/506
f 456/467/509 493/506/553 492/509/556 455/468/510
f 491/511/558 493/506/553 456/467/509 454/466/508
f 455/468/510 492/509/556 488/502/549 449/463/505
f 410/430/472 411/429/471 441/472/514 440/473/515
f 417/436/478 418/435/477 443/474/516 442/475/517
f 411/429/471 417/436/478 442/475/517 441/472/514
f 419/532/585 451/469/511 443/474/516 418/435/477
f 460/533/586 503/516/587 500/517/578 459/534/588
f 438/454/496 458/535/589 457/536/590 435/452/494
f 470/482/524 518/537/591 517/538/592 467/483/525
f 482/492/534 519/539/593 518/537/591 470/482/524
f 402/422/464 420/444/486 421/443/485 404/423/465
f 421/443/485 424/442/484 405/438/480 404/423/465
f 416/437/479 426/457/499 428/458/500 418/435/477
f 405/438/480 424/442/484 426/457/499 416/437/479
f 428/458/500 435/452/494 419/532/585 418/435/477
f 457/536/590 458/535/589 454/466/508 451/469/511
f 482/492/534 486/498/540 460/533/586 459/534/588
f 517/538/592 518/537/591 494/510/557 491/511/558
f 518/537/591 519/539/593 500/517/578 494/510/557
f 419/532/585 435/452/494 457/536/590 451/469/511
f 500/517/578 519/539/593 482/492/534 459/534/588
f 460/533/594 486/498/595 520/540/596 503/516/563
f 458/535/589 517/538/592 491/511/558 454/466/508
f 467/483/525 517/538/592 458/535/589 438/454/496
f 524/541/597 525/542/598 527/543/599 526/544/600
f 522/545/601 523/546/602 525/542/598 524/541/597
f 534/547/603 535/548/604 537/549/605 536/550/606
f 534/547/603 538/551/607 539/552/608 535/548/604
f 534/547/603 536/550/606 540/553/609 538/551/607
f 541/554/610 543/555/611 544/556/612 542/557/613
f 545/558/614 547/559/615 548/560/616 546/561/617
f 549/562/618 551/563/619 552/564/620 550/565/621
f 529/566/622 545/558/614 546/561/617 530/567/623
f 532/568/624 549/562/618 550/565/621 533/569/625
f 529/566/622 530/567/623 539/552/608 538/551/607
f 528/570/626 535/548/604 539/552/608 530/567/623
f 554/571/627 555/572/628 548/560/616 547/559/615
f 545/558/614 553/573/629 554/571/627 547/559/615
f 532/568/624 533/569/625 544/556/612 543/555/611
f 532/568/624 543/555/611 541/554/610 531/574/630
f 558/575/631 559/576/632 552/564/620 551/563/619
f 552/564/620 559/576/632 557/577/633 550/565/621
f 528/570/626 530/567/623 532/568/624 531/574/630
f 546/561/617 548/560/616 551/563/619 549/562/618
f 528/570/626 531/574/630 541/554/610 535/548/604
f 555/572/628 558/575/631 551/563/619 548/560/616
f 530/567/623 546/561/617 549/562/618 532/568/624
f 529/566/622 538/551/607 553/573/629 545/558/614
f 550/565/621 557/577/633 544/556/612 533/569/625
f 560/578/634 561/579/635 563/580/636 562/581/637
f 566/582/638 567/583/639 569/584/640 568/585/641
f 562/581/637 563/580/636 567/583/639 566/582/638
f 577/586/642 578/587/643 576/588/644 575/589/644
f 573/590/645 574/591/646 577/586/647 575/589/648
f 584/592/649 588/593/650 587/594/651 583/595/652
f 584/592/653 586/596/653 589/597/654 588/593/655
f 576/588/656 584/592/649 583/595/652 575/589/657
f 577/586/642 585/598/658 586/596/659 578/587/643
f 576/588/656 578/587/660 586/596/660 584/592/649
f 571/599/661 573/590/662 575/589/657 572/600/663
f 587/594/651 588/593/650 582/601/664 581/602/665
f 579/603/666 583/595/652 587/594/651 581/602/665
f 572/600/663 575/589/657 583/595/652 579/603/666
f 592/604/667 593/605/668 591/606/669 590/607/670
f 596/608/671 597/609/672 595/610/673 594/611/674
f 596/608/675 599/612/676 600/613/677 597/609/678
f 595/610/679 597/609/678 600/613/677 598/614/680
f 593/605/668 596/608/671 594/611/674 591/606/669
f 604/615/681 605/616/682 603/617/683 602/618/684
f 607/619/685 608/620/686 611/621/687 609/622/688
f 612/623/689 613/624/690 615/625/691 614/626/692
f 621/627/693 622/628/694 620/629/695 619/630/696
f 620/629/695 622/628/694 624/631/697 623/632/698
f 627/633/699 628/634/700 626/635/701 625/636/702
f 626/635/701 628/634/700 630/637/703 629/638/704
f 609/622/688 619/630/696 620/629/695 610/639/705
f 609/622/688 611/621/687 621/627/693 619/630/696
f 617/640/706 618/641/707 627/633/699 625/636/702
f 605/616/708 612/623/689 614/626/692 606/642/709
f 625/636/702 626/635/701 622/628/694 621/627/693
f 622/628/694 626/635/701 629/638/704 624/631/697
f 605/616/710 608/620/710 607/619/710 603/617/710
f 605/616/708 606/642/709 611/621/687 608/620/686
f 615/625/691 618/641/707 617/640/706 614/626/692
f 616/643/711 618/641/707 615/625/691 613/624/690
f 614/626/692 617/640/706 611/621/687 606/642/709
f 611/621/687 617/640/706 625/636/702 621/627/693
f 554/571/627 590/607/670 591/606/669 555/572/628
f 554/571/627 556/644/712 592/604/667 590/607/670
f 558/575/631 594/611/674 595/610/673 559/576/632
f 555/572/628 591/606/669 594/611/674 558/575/631
f 582/601/664 605/616/682 604/615/681 581/602/665
f 580/645/713 581/602/665 604/615/681 602/618/684
f 588/593/655 589/597/654 613/624/690 612/623/689
f 582/601/664 588/593/650 612/623/714 605/616/682
f 521/646/715 560/578/634 562/581/637 523/546/602
f 525/542/598 566/582/638 568/585/641 527/543/599
f 523/546/602 562/581/637 566/582/638 525/542/598
f 602/618/684 603/617/683 593/605/668 592/604/667
f 609/622/688 610/639/705 600/613/677 599/612/676
f 596/608/675 607/619/685 609/622/688 599/612/676
f 603/617/683 607/619/716 596/608/671 593/605/668
f 600/613/677 610/639/705 620/629/695 601/647/717
f 522/545/601 538/551/607 540/553/609 523/546/602
f 521/646/715 523/546/602 540/553/609 536/550/606
f 527/543/599 556/644/712 554/571/627 526/544/600
f 524/541/597 526/544/600 554/571/627 553/573/629
f 522/545/601 524/541/597 553/573/629 538/551/607
f 560/578/634 570/648/718 571/599/661 561/579/635
f 571/599/661 572/600/663 563/580/636 561/579/635
f 564/649/719 565/650/720 577/586/647 574/591/646
f 569/584/640 581/602/665 580/645/713 568/585/641
f 579/603/666 581/602/665 569/584/640 567/583/639
f 572/600/663 579/603/666 567/583/639 563/580/636
f 521/646/715 536/550/606 570/648/718 560/578/634
f 568/585/641 580/645/713 556/644/712 527/543/599
f 556/644/712 580/645/713 602/618/684 592/604/667
f 633/651/721 634/652/722 636/653/723 635/654/724
f 633/651/721 637/655/725 638/656/726 634/652/722
f 639/657/727 640/658/728 642/659/729 641/660/730
f 639/657/727 643/661/731 644/662/732 640/658/728
f 644/662/732 645/663/733 642/659/729 640/658/728
f 650/664/734 652/665/735 653/666/736 651/667/737
f 654/668/738 656/669/739 657/670/740 655/671/741
f 631/672/742 646/673/743 647/674/744 632/675/745
f 643/661/731 654/668/738 655/671/741 644/662/732
f 631/672/742 632/675/745 638/656/726 637/655/725
f 650/664/734 651/667/737 647/674/746 646/673/743
f 634/652/722 639/657/727 641/660/730 636/653/723
f 634/652/722 638/656/726 643/661/731 639/657/727
f 651/667/737 653/666/736 656/669/739 654/668/738
f 648/676/747 649/677/748 656/669/739 653/666/736
f 638/656/726 651/667/737 654/668/738 643/661/731
f 631/672/742 637/655/749 650/664/734 646/673/743
f 647/674/744 651/667/737 638/656/726 632/675/745
f 663/678/750 666/679/751 667/680/752 664/681/753
f 665/682/754 666/679/751 663/678/750 662/683/755
f 660/684/756 663/678/750 664/681/753 661/685/757
f 662/683/755 663/678/750 660/684/756 659/686/758
f 669/687/759 670/688/760 672/689/761 671/690/762
f 669/687/759 673/691/763 674/692/764 670/688/760
f 674/692/764 675/693/765 672/689/761 670/688/760
f 680/694/766 681/695/767 679/696/768 678/697/769
f 689/698/770 690/699/771 688/700/772 687/701/773
f 694/702/774 695/703/775 693/704/776 692/705/777
f 684/706/778 685/707/779 675/693/765 674/692/764
f 692/705/777 693/704/776 683/708/780 682/709/781
f 671/690/762 672/689/761 678/697/769 677/710/782
f 675/693/765 680/694/766 678/697/769 672/689/761
f 690/699/771 694/702/774 692/705/777 688/700/772
f 680/694/766 682/709/781 683/708/780 681/695/767
f 684/706/778 687/701/773 688/700/772 685/707/779
f 684/706/778 686/711/783 689/698/770 687/701/773
f 675/693/765 676/712/784 682/709/781 680/694/766
f 675/693/765 685/707/779 688/700/772 676/712/784
f 683/708/780 693/704/776 691/713/785 681/695/767
f 688/700/772 692/705/777 682/709/781 676/712/784
f 698/714/786 700/715/787 701/716/788 699/717/789
f 703/718/790 705/719/791 706/720/792 704/721/793
f 710/722/794 711/723/795 709/724/796 708/725/797
f 710/722/794 712/726/798 713/727/799 711/723/795
f 716/728/800 717/729/801 715/730/802 714/731/803
f 700/715/787 708/725/797 709/724/796 701/716/788
f 700/715/787 702/732/804 710/722/794 708/725/797
f 705/719/791 714/731/803 715/730/802 706/720/792
f 715/730/802 717/729/801 707/733/805 706/720/792
f 699/717/789 701/716/788 705/719/791 703/718/790
f 711/723/795 716/728/800 714/731/803 709/724/796
f 711/723/795 713/727/799 718/734/806 716/728/800
f 699/717/789 703/718/790 697/735/807 696/736/808
f 701/716/788 709/724/796 714/731/803 705/719/791
f 720/737/809 723/738/810 724/739/811 721/740/812
f 722/741/813 723/738/810 720/737/809 719/742/814
f 729/743/815 730/744/816 728/745/817 727/746/818
f 736/747/819 737/748/820 735/749/821 734/750/822
f 731/751/823 734/750/822 735/749/821 732/752/824
f 735/749/821 737/748/820 733/753/825 732/752/824
f 740/754/826 741/755/827 739/756/828 738/757/829
f 744/758/830 745/759/831 743/760/832 742/761/833
f 738/757/829 739/756/828 730/744/816 729/743/815
f 742/761/833 743/760/832 737/748/820 736/747/819
f 730/744/816 736/747/819 734/750/822 728/745/817
f 741/755/827 744/758/830 742/761/833 739/756/828
f 739/756/828 742/761/833 736/747/819 730/744/816
f 752/762/834 753/763/835 751/764/836 750/765/837
f 758/766/838 759/767/839 757/768/840 756/769/841
f 762/770/842 763/771/843 761/772/844 760/773/845
f 767/774/846 768/775/847 766/776/848 765/777/849
f 769/778/850 770/779/851 767/774/846 765/777/849
f 747/780/852 760/773/845 761/772/844 748/781/853
f 761/772/844 763/771/843 749/782/854 748/781/853
f 766/776/848 768/775/847 755/783/855 754/784/856
f 765/777/849 766/776/848 763/771/843 762/770/842
f 764/785/857 769/778/850 765/777/849 762/770/842
f 753/763/835 758/766/838 756/769/841 751/764/836
f 749/782/854 753/763/835 752/762/834 748/781/853
f 746/786/858 748/781/853 752/762/834 750/765/837
f 755/783/855 759/767/839 758/766/838 754/784/856
f 754/784/856 758/766/838 753/763/835 749/782/854
f 763/771/843 766/776/848 754/784/856 749/782/854
f 652/665/735 698/714/786 699/717/789 653/666/736
f 656/669/739 703/718/790 704/721/793 657/670/740
f 648/676/747 696/736/808 697/735/807 649/677/748
f 648/676/747 653/666/736 699/717/789 696/736/808
f 697/735/807 703/718/790 656/669/739 649/677/748
f 666/679/751 720/737/809 721/740/812 667/680/752
f 719/742/814 720/737/809 666/679/751 665/682/754
f 750/765/837 751/764/836 690/699/771 689/698/770
f 756/769/841 757/768/840 695/703/775 694/702/774
f 686/711/783 746/786/858 750/765/837 689/698/770
f 751/764/836 756/769/841 694/702/774 690/699/771
f 727/746/818 728/745/817 713/727/799 712/726/798
f 710/722/794 726/787/859 727/746/818 712/726/798
f 731/751/823 732/752/824 717/729/801 716/728/800
f 718/734/806 734/750/822 731/751/823 716/728/800
f 728/745/817 734/750/822 718/734/806 713/727/799
f 660/684/756 661/685/757 674/692/764 673/691/763
f 660/684/756 673/691/763 669/687/759 658/788/860
f 667/680/752 686/711/783 684/706/778 664/681/753
f 664/681/753 684/706/778 674/692/764 661/685/757
f 747/780/852 748/781/853 724/739/811 723/738/810
f 724/739/811 748/781/853 746/786/858 721/740/812
f 725/789/861 760/773/845 747/780/852 723/738/810
f 644/662/732 659/686/758 660/684/756 645/663/733
f 642/659/729 645/663/733 660/684/756 658/788/860
f 655/671/741 657/670/740 665/682/754 662/683/755
f 644/662/732 655/671/741 662/683/755 659/686/758
f 707/733/805 723/738/810 722/741/813 706/720/792
f 704/721/793 706/720/792 722/741/813 719/742/814
f 707/733/805 717/729/801 725/789/861 723/738/810
f 733/753/825 762/770/842 760/773/845 732/752/824
f 733/753/825 737/748/820 764/785/857 762/770/842
f 745/759/831 770/779/851 769/778/850 743/760/832
f 743/760/832 769/778/850 764/785/857 737/748/820
f 642/659/729 658/788/860 669/687/759 668/790/862
f 732/752/824 760/773/845 725/789/861 717/729/801
f 657/670/740 704/721/793 719/742/814 665/682/754
f 721/740/812 746/786/858 686/711/783 667/680/752
f 777/791/863 778/792/864 776/793/865 775/794/866
f 771/795/867 775/794/866 776/793/865 772/796/868
f 774/797/869 778/792/864 777/791/863 773/798/870
f 771/795/867 773/798/871 777/791/863 775/794/866
f 781/799/872 782/800/873 780/801/874 779/802/875
f 780/801/874 782/800/873 784/803/876 783/804/877
f 787/805/878 788/806/879 790/807/880 789/808/881
f 776/793/865 778/792/864 786/809/882 785/810/883
f 783/804/884 784/803/885 788/806/879 787/805/878
f 779/802/875 780/801/874 774/797/869 773/798/871
f 774/797/869 780/801/874 783/804/877 778/792/864
f 778/792/864 783/804/877 787/805/886 786/809/882
f 797/811/887 798/812/888 796/813/889 795/814/890
f 792/815/891 795/814/890 796/813/889 793/816/892
f 792/815/891 794/817/893 797/811/887 795/814/890
f 794/817/893 799/818/894 800/819/895 797/811/887
f 808/820/896 809/821/897 811/822/898 810/823/899
f 813/824/900 816/825/901 815/826/902 812/827/903
f 813/824/900 814/828/904 817/829/905 816/825/901
f 820/830/906 823/831/907 822/832/908 819/833/909
f 826/834/910 829/835/911 828/836/912 825/837/913
f 824/838/914 825/837/913 828/836/912 827/839/915
f 836/840/916 837/841/917 835/842/918 834/843/919
f 835/842/918 839/844/920 838/845/921 834/843/919
f 810/823/899 811/822/898 825/837/913 824/838/914
f 816/825/901 832/846/922 831/847/923 815/826/902
f 823/831/907 837/841/917 836/840/916 822/832/908
f 821/848/924 822/832/908 836/840/916 834/843/919
f 809/821/897 812/827/903 815/826/902 811/822/898
f 831/847/923 832/846/922 826/834/910 825/837/913
f 826/834/910 832/846/922 833/849/925 829/835/911
f 813/824/900 818/850/926 819/833/909 814/828/904
f 817/829/905 822/832/908 821/848/924 816/825/901
f 819/833/909 822/832/908 817/829/905 814/828/904
f 834/843/919 838/845/921 833/849/925 832/846/922
f 833/849/925 838/845/921 830/851/927 829/835/911
f 821/848/924 834/843/919 832/846/922 816/825/901
f 811/822/898 815/826/902 831/847/923 825/837/913
f 848/852/928 849/853/929 847/854/930 846/855/931
f 844/856/932 845/857/933 848/852/928 846/855/931
f 852/858/934 853/859/935 851/860/936 850/861/937
f 851/860/936 853/859/935 855/862/938 854/863/939
f 858/864/940 859/865/941 857/866/942 856/867/943
f 847/854/930 861/868/944 860/869/945 846/855/931
f 847/854/930 849/853/929 862/870/946 861/868/944
f 850/861/937 851/860/936 842/871/947 841/872/948
f 842/871/947 851/860/936 854/863/939 843/873/949
f 856/867/943 857/866/942 849/853/950 848/852/951
f 842/871/947 845/857/952 844/856/953 840/874/954
f 842/871/947 843/873/949 848/852/951 845/857/952
f 855/862/938 858/864/940 856/867/943 854/863/939
f 854/863/939 856/867/943 848/852/951 843/873/949
f 866/875/955 867/876/956 865/877/957 864/878/958
f 874/879/959 875/880/960 873/881/961 872/882/962
f 871/883/963 875/880/960 874/879/959 870/884/964
f 869/885/965 870/884/964 874/879/959 872/882/962
f 876/886/966 877/887/967 871/883/963 870/884/964
f 867/876/956 870/884/964 869/885/965 865/877/957
f 869/885/965 872/882/962 868/888/968 865/877/957
f 797/811/887 841/872/948 842/871/947 798/812/888
f 796/813/889 798/812/888 842/871/947 840/874/954
f 800/819/895 801/889/969 852/858/934 850/861/937
f 797/811/887 800/819/895 850/861/937 841/872/948
f 829/835/911 867/876/956 866/875/955 828/836/912
f 827/839/915 828/836/912 866/875/955 864/878/958
f 839/844/920 877/887/967 876/886/966 838/845/921
f 830/851/927 870/884/964 867/876/956 829/835/911
f 830/851/927 838/845/921 876/886/966 870/884/964
f 802/890/970 803/891/971 782/800/873 781/799/872
f 782/800/873 803/891/971 805/892/972 784/803/876
f 788/806/879 806/893/973 807/894/974 790/807/880
f 784/803/885 805/892/975 806/893/973 788/806/879
f 864/878/958 865/877/957 853/859/935 852/858/934
f 853/859/935 865/877/957 868/888/968 855/862/938
f 872/882/962 873/881/961 859/865/941 858/864/940
f 868/888/968 872/882/962 858/864/940 855/862/938
f 786/809/882 794/817/976 792/815/977 785/810/883
f 790/807/880 801/889/969 800/819/895 789/808/881
f 787/805/878 789/808/881 800/819/895 799/818/894
f 787/805/878 799/818/894 794/817/893 786/809/978
f 776/793/979 785/810/883 792/815/977 791/895/980
f 804/896/981 809/821/982 808/820/983 803/891/971
f 808/820/896 810/823/899 805/892/975 803/891/984
f 824/838/914 827/839/915 807/894/974 806/893/973
f 810/823/899 824/838/914 806/893/973 805/892/975
f 807/894/974 827/839/915 801/889/969 790/807/880
f 801/889/969 827/839/915 864/878/958 852/858/934
f 883/897/985 884/898/986 886/899/987 885/900/988
f 881/901/989 884/898/986 883/897/985 880/902/990
f 883/897/985 885/900/988 882/903/991 880/902/990
f 889/904/992 890/905/993 888/906/994 887/907/995
f 893/908/996 896/909/997 895/910/998 892/911/999
f 894/912/1000 896/909/997 893/908/996 891/913/1001
f 901/914/1002 902/915/1003 900/916/1004 899/917/1005
f 886/899/987 893/908/996 892/911/999 885/900/988
f 891/913/1001 893/908/996 886/899/987 884/898/986
f 899/917/1005 900/916/1004 890/905/993 889/904/992
f 885/900/1006 889/904/992 887/907/995 882/903/1006
f 895/910/998 901/914/1007 899/917/1008 892/911/999
f 897/918/1009 898/919/1010 894/912/1000 891/913/1001
f 892/911/999 899/917/1008 889/904/1011 885/900/988
f 907/920/1012 909/921/1013 908/922/1014 906/923/1015
f 911/924/1016 914/925/1017 913/926/1018 910/927/1019
f 913/926/1018 915/928/1020 912/929/1021 910/927/1019
f 918/930/1022 920/931/1023 917/932/1024 916/933/1025
f 923/934/1026 924/935/1027 922/936/1028 921/937/1029
f 922/936/1028 926/938/1030 925/939/1031 921/937/1029
f 928/940/1032 931/941/1033 930/942/1034 927/943/1035
f 909/921/1013 924/935/1027 923/934/1026 908/922/1014
f 914/925/1017 928/940/1032 927/943/1035 913/926/1018
f 927/943/1035 929/944/1036 915/928/1020 913/926/1018
f 905/945/1037 914/925/1017 911/924/1016 904/946/1038
f 930/942/1034 931/941/1033 920/931/1023 919/947/1039
f 920/931/1023 931/941/1033 928/940/1032 917/932/1024
f 912/929/1021 915/928/1020 909/921/1013 907/920/1012
f 924/935/1027 929/944/1036 927/943/1035 922/936/1028
f 927/943/1035 930/942/1034 926/938/1030 922/936/1028
f 915/928/1020 929/944/1036 924/935/1027 909/921/1013
f 917/932/1024 928/940/1032 914/925/1017 905/945/1037
f 934/948/1040 935/949/1041 933/950/1042 932/951/1043
f 936/952/1044 937/953/1045 935/949/1041 934/948/1040
f 943/954/1046 944/955/1047 942/956/1048 941/957/1049
f 950/958/1050 951/959/1051 949/960/1052 948/961/1053
f 947/962/1054 951/959/1051 950/958/1050 946/963/1055
f 949/960/1052 951/959/1051 947/962/1054 945/964/1056
f 957/965/1057 958/966/1058 956/967/1059 955/968/1060
f 954/969/1061 958/966/1058 957/965/1057 953/970/1062
f 952/971/1063 953/970/1062 957/965/1057 955/968/1060
f 964/972/1064 965/973/1065 963/974/1066 962/975/1067
f 961/976/1068 965/973/1065 964/972/1064 960/977/1069
f 963/974/1066 965/973/1065 961/976/1068 959/978/1070
f 942/956/1071 967/979/1072 966/980/1073 941/957/1074
f 949/960/1075 969/981/1076 968/982/1077 948/961/1078
f 966/980/1073 967/979/1072 954/969/1061 953/970/1062
f 968/982/1077 969/981/1076 961/976/1068 960/977/1069
f 944/955/1047 950/958/1050 948/961/1053 942/956/1048
f 958/966/1058 964/972/1064 962/975/1067 956/967/1059
f 960/977/1069 964/972/1064 958/966/1058 954/969/1061
f 967/979/1072 968/982/1077 960/977/1069 954/969/1061
f 948/961/1078 968/982/1077 967/979/1072 942/956/1071
f 939/983/1079 941/957/1074 966/980/1073 953/970/1062
f 961/976/1068 969/981/1076 949/960/1075 940/984/1080
f 975/985/1081 976/986/1082 974/987/1083 973/988/1084
f 972/989/1085 976/986/1082 975/985/1081 971/990/1086
f 974/987/1083 976/986/1082 972/989/1085 970/991/1087
f 974/987/1083 982/992/1088 981/993/1089 973/988/1084
f 981/993/1089 983/994/1090 975/985/1081 973/988/1084
f 975/985/1081 980/995/1091 979/996/1092 971/990/1086
f 977/997/1093 978/998/1094 974/987/1083 970/991/1087
f 989/999/1095 990/1000/1096 988/1001/1097 987/1002/1098
f 986/1003/1099 990/1000/1096 989/999/1095 985/1004/1100
f 993/1005/1101 994/1006/1102 992/1007/1103 991/1008/1104
f 995/1009/1105 996/1010/1106 993/1005/1101 991/1008/1104
f 997/1011/1107 998/1012/1108 986/1003/1099 985/1004/1100
f 990/1000/1096 996/1010/1106 995/1009/1105 988/1001/1097
f 993/1005/1101 996/1010/1106 990/1000/1096 986/1003/1099
f 998/1012/1108 999/1013/1109 993/1005/1101 986/1003/1099
f 945/964/1056 947/962/1054 879/1014/1110 878/1015/1111
f 896/909/997 972/989/1085 971/990/1086 895/910/998
f 970/991/1087 972/989/1085 896/909/997 894/912/1000
f 898/919/1010 977/997/1093 970/991/1087 894/912/1000
f 971/990/1086 979/996/1092 901/914/1007 895/910/998
f 920/931/1023 994/1006/1102 993/1005/1101 919/947/1039
f 992/1007/1103 994/1006/1102 920/931/1023 918/930/1022
f 926/938/1030 998/1012/1108 997/1011/1107 925/939/1031
f 930/942/1034 999/1013/1109 998/1012/1108 926/938/1030
f 993/1005/1101 999/1013/1109 930/942/1034 919/947/1039
f 987/1002/1098 988/1001/1097 944/955/1047 943/954/1046
f 991/1008/1104 992/1007/1103 947/962/1054 946/963/1055
f 950/958/1050 995/1009/1105 991/1008/1104 946/963/1055
f 988/1001/1097 995/1009/1105 950/958/1050 944/955/1047
f 890/905/993 934/948/1040 932/951/1043 888/906/994
f 902/915/1003 938/1016/1112 936/952/1044 900/916/1004
f 900/916/1004 936/952/1044 934/948/1040 890/905/993
f 879/1014/1110 902/915/1003 901/914/1002 878/1015/1111
f 903/1017/1113 932/951/1043 933/950/1042 904/946/1038
f 933/950/1042 935/949/1041 905/945/1037 904/946/1038
f 917/932/1024 937/953/1045 936/952/1044 916/933/1025
f 936/952/1044 938/1016/1112 918/930/1022 916/933/1025
f 935/949/1041 937/953/1045 917/932/1024 905/945/1037
f 979/996/1092 980/995/1091 949/960/1075 945/964/1114
f 961/976/1068 983/994/1090 981/993/1089 959/978/1070
f 981/993/1089 984/1018/1115 963/974/1066 959/978/1070
f 949/960/1075 980/995/1091 975/985/1081 940/984/1080
f 975/985/1081 983/994/1090 961/976/1068 940/984/1080
f 918/930/1022 938/1016/1112 902/915/1003 879/1014/1110
f 901/914/1007 979/996/1092 945/964/1114 878/1015/1116
f 947/962/1054 992/1007/1103 918/930/1022 879/1014/1110
f 69/118/125 536/550/606 537/549/605 70/75/77
f 68/74/74 70/75/77 537/549/605 535/548/604
f 74/64/75 541/554/610 542/557/613 75/65/1117
f 68/74/74 535/548/604 541/554/610 74/64/75
f 104/106/127 106/108/1118 571/599/661 570/648/718
f 110/111/135 111/119/134 574/591/646 573/590/645
f 106/108/1119 110/111/1119 573/590/1119 571/599/1119
f 88/87/87 564/649/719 574/591/646 111/119/134
f 69/118/125 104/106/127 570/648/718 536/550/606
f 219/228/243 635/654/1120 636/653/1121 220/229/244
f 633/651/721 635/654/724 219/228/1122 217/231/1123
f 226/232/1124 641/660/730 642/659/729 227/233/1125
f 220/229/244 636/653/1121 641/660/1126 226/232/247
f 669/687/759 671/690/762 253/273/303 252/282/302
f 257/266/1127 677/710/1127 678/697/1128 258/267/284
f 678/697/1128 679/696/1129 259/269/285 258/267/284
f 671/690/762 677/710/782 257/266/1130 253/273/303
f 237/251/301 668/790/862 669/687/759 252/282/302
f 642/659/729 668/790/862 237/251/301 227/233/1125
f 342/362/392 771/795/867 772/796/868 343/1019/1131
f 342/362/392 344/361/391 773/798/871 771/795/867
f 350/365/395 351/364/394 781/799/872 779/802/875
f 344/361/391 350/365/395 779/802/875 773/798/871
f 363/376/406 803/891/971 802/890/970 362/377/407
f 363/376/406 365/375/405 804/896/981 803/891/971
f 389/408/442 813/824/900 812/827/903 388/409/443
f 396/397/427 820/830/906 819/833/909 395/398/428
f 393/395/425 395/398/428 819/833/909 818/850/926
f 393/395/425 818/850/926 813/824/900 389/408/442
f 382/393/440 388/409/443 812/827/903 809/821/897
f 382/393/423 809/821/982 804/896/981 365/375/405
f 351/364/394 362/377/407 802/890/970 781/799/872
f 475/488/530 881/901/1132 880/902/1133 474/489/531
f 880/902/1133 882/903/1134 476/486/544 474/489/531
f 887/907/995 888/906/994 486/498/595 484/497/1135
f 882/903/1134 887/907/1136 484/497/539 476/486/544
f 903/1017/1113 904/946/1038 505/513/560 503/516/563
f 512/520/567 907/920/1012 906/923/1015 511/521/568
f 515/527/579 911/924/1016 910/927/1019 514/528/580
f 910/927/1019 912/929/1021 516/530/582 514/528/580
f 516/530/582 912/929/1021 907/920/1012 512/520/567
f 904/946/1038 911/924/1016 515/527/579 505/513/560
f 520/540/596 932/951/1043 903/1017/1113 503/516/563
f 888/906/994 932/951/1043 520/540/596 486/498/595
f 78/77/79 79/80/82 326/411/450 325/355/385
f 78/77/79 325/355/385 328/357/387 81/78/80
f 342/362/392 343/1019/1131 88/1020/87 87/1021/86
f 84/1022/85 341/363/393 342/362/392 87/1021/86
f 81/78/80 328/357/387 341/363/393 84/1022/85
f 46/122/116 47/37/119 297/315/338 296/314/337
f 44/36/36 293/311/346 297/315/1137 47/37/37
f 29/28/28 30/29/29 279/298/321 278/297/320
f 29/28/28 278/297/320 282/302/325 33/27/27
f 27/52/51 33/27/27 282/302/325 276/320/343
f 27/52/51 276/320/343 293/311/346 44/36/36
f 21/120/137 46/122/116 296/314/337 266/284/307
f 21/120/137 266/284/307 326/411/450 79/80/82
f 564/1023/719 772/796/868 776/793/865 565/1024/720
f 792/815/977 793/816/1138 586/596/659 585/598/658
f 586/596/1139 793/816/892 796/813/889 589/597/1139
f 577/586/642 791/895/980 792/815/977 585/598/658
f 616/643/711 844/856/932 846/855/931 618/641/707
f 860/869/945 861/868/944 628/634/700 627/633/699
f 628/634/700 861/868/944 863/1025/1140 630/637/703
f 840/874/1141 844/856/932 616/643/711 613/624/690
f 618/641/707 846/855/931 860/869/945 627/633/699
f 776/793/979 791/895/980 577/586/642 565/1024/1142
f 589/597/654 796/813/1143 840/874/1141 613/624/690
f 165/176/191 166/175/190 398/418/460 397/417/459
f 171/184/197 172/183/196 402/422/464 401/421/463
f 166/175/190 171/184/197 401/421/463 398/418/460
f 181/208/221 182/209/222 423/440/482 422/439/481
f 181/208/221 422/439/481 420/444/486 179/280/300
f 193/207/220 431/445/487 429/448/490 190/200/216
f 190/200/216 429/448/490 423/440/482 182/209/222
f 248/1026/278 463/476/518 461/479/521 245/1027/279
f 261/274/295 479/500/546 478/499/545 260/275/296
f 248/263/1144 249/276/1145 465/501/547 463/476/548
f 475/488/530 479/500/546 261/274/295 259/269/285
f 260/275/1146 478/499/545 465/501/547 249/276/1145
f 172/183/196 179/280/300 420/444/486 402/422/464
f 245/1027/279 461/479/521 431/445/487 193/207/220
f 955/968/1060 956/967/1059 741/755/827 740/754/826
f 962/975/1067 963/974/1066 745/759/831 744/758/830
f 956/967/1059 962/975/1067 744/758/830 741/755/827
f 681/695/767 884/898/986 881/901/989 679/696/768
f 695/703/775 898/919/1010 897/918/1009 693/704/776
f 691/713/785 693/704/776 897/918/1009 891/913/1001
f 691/713/785 891/913/1001 884/898/986 681/695/767
f 981/993/1089 982/992/1088 768/775/847 767/774/846
f 770/779/851 984/1018/1115 981/993/1089 767/774/846
f 759/767/839 978/998/1094 977/997/1093 757/768/840
f 974/987/1083 978/998/1094 759/767/839 755/783/855
f 768/775/847 982/992/1088 974/987/1083 755/783/855
f 963/974/1066 984/1018/1115 770/779/851 745/759/831
f 757/768/840 977/997/1093 898/919/1010 695/703/775
f 4/2/2 119/127/142 121/129/144 6/3/3
f 2/116/122 6/3/3 121/129/144 117/126/141
f 7/9/9 128/135/150 130/138/153 9/8/8
f 7/9/9 10/10/10 132/139/154 128/135/150
f 1/19/19 112/148/163 119/127/142 4/2/2
f 1/19/19 9/8/8 130/138/153 112/148/163
f 24/21/21 154/166/181 155/165/180 26/22/22
f 150/160/175 154/166/181 24/21/21 22/117/123
f 28/30/30 163/173/188 165/176/191 30/29/29
f 28/1028/30 32/43/25 167/178/192 163/177/188
f 26/22/22 155/165/180 167/178/204 32/43/52
f 57/55/55 198/211/226 196/214/229 55/58/58
f 52/57/57 55/58/58 196/214/229 194/215/230
f 72/66/66 75/65/65 217/231/246 216/241/256
f 72/66/66 216/241/256 209/224/239 66/70/70
f 57/55/55 66/70/70 209/224/239 198/211/226
f 2/116/122 117/126/141 150/160/175 22/117/123
f 10/10/10 52/57/57 194/215/230 132/139/154
f 279/298/321 397/417/459 399/420/462 281/299/322
f 286/307/330 406/425/467 408/428/470 287/309/332
f 408/428/470 410/430/472 291/305/328 287/309/332
f 281/299/322 399/420/462 406/425/467 286/307/330
f 315/332/360 444/459/501 446/462/504 316/336/364
f 446/462/504 448/464/506 320/337/365 316/336/364
f 440/473/515 444/459/501 315/332/360 307/416/458
f 487/505/552 489/504/551 376/389/1147 374/387/454
f 391/399/429 506/523/570 508/524/571 392/401/431
f 508/524/571 511/521/568 396/397/427 392/401/431
f 376/389/432 489/504/575 497/531/584 379/410/449
f 497/531/584 506/523/570 391/399/429 379/410/449
f 291/305/328 410/430/472 440/473/515 307/416/458
f 448/464/506 487/505/552 374/387/454 320/337/365
f 542/557/613 544/556/612 637/655/725 633/651/721
f 557/577/1148 559/576/1148 652/665/1148 650/664/1148
f 544/556/1149 557/577/1149 650/664/734 637/655/749
f 600/613/677 702/732/804 700/715/787 598/614/680
f 595/610/679 598/614/680 700/715/787 698/714/786
f 600/613/677 601/647/717 710/722/794 702/732/804
f 624/631/697 729/743/815 727/746/818 623/632/698
f 620/629/695 623/632/698 727/746/818 726/787/859
f 630/637/703 740/754/826 738/757/829 629/638/704
f 629/638/704 738/757/829 729/743/815 624/631/697
f 620/629/695 726/787/859 710/722/794 601/647/717
f 559/576/1150 595/610/679 698/714/786 652/665/735
f 906/923/1015 908/922/1014 823/831/907 820/830/906
f 837/841/917 923/934/1026 921/937/1029 835/842/918
f 921/937/1029 925/939/1031 839/844/920 835/842/918
f 908/922/1014 923/934/1026 837/841/917 823/831/907
f 859/865/941 943/954/1046 941/957/1049 857/866/942
f 862/870/946 953/970/1062 952/971/1063 861/868/944
f 952/971/1063 955/968/1060 863/1025/1140 861/868/944
f 857/866/942 941/957/1049 939/983/1151 849/853/950
f 939/983/1079 953/970/1062 862/870/946 849/853/929
f 875/880/960 989/999/1095 987/1002/1098 873/881/961
f 985/1004/1100 989/999/1095 875/880/960 871/883/963
f 877/887/967 997/1011/1107 985/1004/1100 871/883/963
f 873/881/961 987/1002/1098 943/954/1046 859/865/941
f 925/939/1031 997/1011/1107 877/887/967 839/844/920
f 30/29/29 165/176/191 397/417/459 279/298/321
f 863/1025/1140 955/968/1060 740/754/826 630/637/703
f 75/65/1117 542/557/613 633/651/721 217/231/1123
f 511/521/568 906/923/1015 820/830/906 396/397/427
f 88/1020/87 343/1019/1131 772/796/868 564/1023/719
f 679/696/1152 881/901/1132 475/488/530 259/269/285
