# Blender 4.3.2
# www.blender.org
o Sphere
v -1.080521 -0.152396 0.990069
v -1.254130 -0.133014 0.652387
v -1.083159 -0.318493 0.824983
v -1.136344 -0.218671 0.894157
v -1.111458 -0.346113 0.696014
v -1.218762 -0.211823 0.704602
v -0.881337 -0.118405 1.147772
v -0.919965 -0.324041 0.998156
v -0.965546 -0.212983 1.072707
v -0.786032 -0.152166 1.177257
v -0.789549 -0.357105 1.032782
v -0.825372 -0.223573 1.133727
v -0.890081 -0.483498 0.646734
v -0.742122 -0.488686 0.808346
v -0.799554 -0.511989 0.705009
v -0.967814 -0.395284 0.877524
v -1.039330 -0.273199 0.945521
v -0.991664 -0.439728 0.695021
v -0.795930 -0.456024 0.881965
v -0.861695 -0.468683 0.766904
v -0.747813 -0.900208 -0.068939
v -1.253135 -0.132769 0.549471
v -1.109235 -0.344079 0.509535
v -1.211552 -0.219858 0.504084
v -1.080634 -0.316160 0.381452
v -1.129935 -0.222308 0.316088
v -1.058402 -0.474154 -0.114198
v -1.248546 -0.133096 0.077959
v -1.239343 -0.295541 -0.111199
v -1.280479 -0.204413 -0.036229
v -1.094442 -0.329620 0.103505
v -1.128382 -0.155109 0.249555
v -1.149456 -0.385837 -0.044642
v -1.220158 -0.259879 0.014648
v -0.890413 -0.484172 0.550178
v -0.782546 -0.525922 0.518378
v -0.754567 -0.502733 0.336982
v -0.966092 -0.450160 0.495990
v -0.962561 -0.397106 0.333599
v -1.041500 -0.274864 0.262008
v -0.870537 -0.470451 0.430085
v -0.740991 -0.493362 0.314106
v -0.895109 -0.482994 0.076951
v -0.964812 -0.509060 -0.040295
v -0.752917 -0.580580 0.001494
v -0.785838 -0.748427 -0.031537
v -0.792447 -0.582845 -0.021555
v -0.946480 -0.350711 0.240104
v -1.028511 -0.262573 0.228822
v -1.021010 -0.453913 0.011024
v -0.744189 -0.453486 0.234433
v -0.612695 -0.164616 1.181859
v -0.601867 -0.361933 1.038399
v -0.602544 -0.254826 1.127096
v -0.484056 -0.134778 1.158974
v -0.418131 -0.328140 1.002164
v -0.418907 -0.226116 1.095843
v -0.603281 -0.493619 0.813807
v -0.603453 -0.533623 0.698106
v -0.491382 -0.478339 0.796288
v -0.424246 -0.505314 0.692959
v -0.602323 -0.452260 0.909489
v -0.399885 -0.408869 0.901121
v -0.368711 -0.464200 0.748790
v -0.328468 -0.294798 0.967354
v -0.272530 -0.202960 1.020110
v -0.318053 -0.479579 0.626145
v 0.010626 -0.512332 0.802877
v 0.004797 -0.680293 0.646880
v -0.034738 -0.571119 0.714185
v -0.246987 -0.336568 0.869191
v -0.194371 -0.234917 0.926802
v -0.211113 -0.405153 0.719174
v -0.079565 -0.283172 0.709167
v -0.025625 -0.195118 0.757962
v -0.107160 -0.336985 0.674129
v -0.537113 -0.852944 0.072067
v -0.578001 -1.058496 -0.076942
v -0.624688 -0.944113 -0.006467
v -0.425767 -0.881611 0.095634
v -0.426246 -1.087685 -0.047594
v -0.425849 -0.974735 0.040808
v -0.241635 -0.888259 0.100780
v -0.219481 -1.091945 -0.058329
v -0.241119 -0.979655 0.038555
v -0.108595 -0.863577 0.083194
v -0.089937 -1.055950 -0.078336
v -0.021660 -0.955123 -0.015692
v -0.604127 -0.549911 0.493693
v -0.620493 -0.723113 0.332057
v -0.769523 -0.523093 0.494835
v -0.422817 -0.551928 0.462553
v -0.346689 -0.747360 0.349138
v -0.315194 -0.689756 0.404248
v -0.615968 -0.732572 0.094043
v -0.680733 -0.654241 0.042131
v -0.670105 -0.746745 0.053101
v -0.669637 -0.572627 0.082294
v -0.349090 -0.747827 0.174680
v -0.230678 -0.692276 0.466151
v -0.309413 -0.508556 0.481972
v -0.275493 -0.837502 0.372073
v -0.326539 -0.636826 0.415389
v -0.043901 -0.673603 0.461139
v -0.114788 -0.557877 0.497252
v 0.028391 -0.767133 0.385231
v -0.192386 -0.460932 0.484099
v -0.153769 -0.436794 0.482964
v -0.258418 -0.835567 0.127846
v -0.032502 -0.811481 0.086903
v 0.009475 -0.815721 0.048382
v -1.100048 -0.022228 1.010297
v -1.091739 0.160859 1.002375
v -1.077542 0.302009 0.986965
v -1.246689 0.024180 0.796001
v -1.248154 0.123310 0.796888
v -1.283955 -0.041413 0.692980
v -1.299611 0.171576 0.679283
v -1.208652 -0.031771 0.875787
v -1.202781 0.175947 0.871505
v -1.233930 -0.096345 0.772333
v -1.235093 0.243433 0.780293
v -1.269213 0.292156 0.681090
v -1.141146 0.360529 0.901687
v -1.105929 0.487935 0.846193
v -1.243454 0.361966 0.712215
v -1.155236 0.526550 0.689727
v -0.900376 -0.032643 1.171057
v -0.905584 0.161133 1.169500
v -0.986589 -0.051099 1.115672
v -0.999874 0.161582 1.099684
v -0.778366 -0.028575 1.226511
v -0.784914 0.162557 1.231779
v -0.886875 0.273315 1.152924
v -0.966501 0.359905 1.084090
v -0.928096 0.515353 1.019180
v -0.788244 0.339845 1.188818
v -0.701573 0.432441 1.145551
v -0.828103 0.401083 1.143243
v -0.784353 0.542843 1.073890
v -1.050615 0.420981 0.958408
v -1.001366 0.564050 0.910600
v -1.050127 0.609737 0.711982
v -0.849481 0.604398 0.952175
v -0.728600 0.620298 0.973645
v -0.923501 0.645999 0.835495
v -0.961150 0.672255 0.696435
v -0.790050 0.683873 0.868666
v -0.789636 0.732468 0.696627
v -1.292222 -0.022675 0.516149
v -1.301799 0.162571 0.508690
v -1.259793 0.014529 0.389656
v -1.263247 0.161470 0.383789
v -1.234363 -0.104337 0.429634
v -1.216006 -0.007908 0.313557
v -1.199758 0.152043 0.249588
v -1.268949 0.302482 0.509926
v -1.244983 0.270845 0.405134
v -1.231214 0.395577 0.509867
v -1.145057 0.532951 0.508148
v -1.161979 0.358068 0.250294
v -1.081038 0.483604 0.256738
v -1.276662 -0.023950 0.110889
v -1.290714 0.160277 0.130615
v -1.348097 -0.025761 -0.021526
v -1.368636 0.160467 -0.022598
v -1.180091 -0.016649 0.244945
v -1.201696 0.165543 0.244185
v -1.276866 0.344291 0.112028
v -1.249299 0.455302 0.079414
v -1.346354 0.346072 -0.022244
v -1.280034 0.525432 -0.036073
v -1.178994 0.362975 0.231549
v -1.162959 0.529901 0.161232
v -1.220405 0.580502 0.014577
v -1.048265 0.611374 0.510230
v -0.996223 0.559051 0.273249
v -1.032578 0.589056 0.224937
v -1.239499 0.616177 -0.110253
v -1.097530 0.653630 0.106699
v -1.155761 0.707161 -0.040656
v -1.061429 0.796839 -0.107881
v -0.959318 0.669993 0.509190
v -0.913628 0.619270 0.280377
v -0.790019 0.732466 0.509438
v -0.775789 0.678199 0.292770
v -0.972718 0.714969 0.161175
v -0.898348 0.804700 0.078331
v -1.023709 0.776506 0.017065
v -0.969242 0.838194 -0.033975
v -0.788115 0.762364 0.202747
v -0.787995 0.831397 0.110510
v -0.789571 0.902560 -0.021795
v -0.600842 -0.026224 1.234958
v -0.614709 0.167220 1.245163
v -0.442119 -0.024881 1.190489
v -0.427792 0.162340 1.198467
v -0.352564 -0.023456 1.143521
v -0.339932 0.161311 1.147818
v -0.615184 0.337498 1.206646
v -0.665035 0.434475 1.148949
v -0.543887 0.421089 1.140544
v -0.620522 0.549183 1.080823
v -0.462339 0.304130 1.177864
v -0.403148 0.360949 1.133286
v -0.413455 0.508818 1.038495
v -0.525151 0.609084 0.959896
v -0.416421 0.597800 0.932952
v -0.213378 -0.034662 1.049258
v -0.225285 0.162735 1.076516
v -0.138626 0.023745 0.978244
v -0.133789 0.161595 0.982602
v -0.231678 0.337188 1.024952
v -0.303538 0.459329 0.989745
v -0.151036 0.254168 0.965506
v -0.157895 -0.096304 0.958234
v 0.015455 -0.069998 0.786604
v -0.049309 0.162990 0.889195
v 0.022522 -0.008374 0.765865
v 0.021933 0.161909 0.761122
v -0.174978 0.381590 0.935088
v -0.244764 0.533533 0.867250
v -0.198625 0.580735 0.698042
v -0.099615 0.339962 0.877384
v -0.136234 0.450047 0.806326
v 0.019259 0.348634 0.661694
v -0.005434 0.430656 0.602086
v -0.645456 0.622775 0.975355
v -0.600741 0.686046 0.878901
v -0.602122 0.741316 0.697063
v -0.416842 0.651604 0.840176
v -0.415605 0.702296 0.698190
v -0.325322 0.616554 0.793106
v -0.293326 0.641161 0.696231
v -0.175922 0.601098 0.513179
v -0.176340 0.588218 0.284992
v -0.056321 0.516041 0.487209
v -0.124589 0.557337 0.285478
v -0.603077 0.746679 0.510587
v -0.603179 0.702278 0.298766
v -0.417765 0.717083 0.511623
v -0.424488 0.683797 0.279593
v -0.604239 0.775833 0.218897
v -0.604204 0.845614 0.130602
v -0.604006 0.924840 -0.022134
v -0.394670 0.778883 0.189484
v -0.449157 0.826347 0.156370
v -0.570006 0.898097 0.044084
v -0.357968 1.003338 -0.048978
v -0.265659 0.656400 0.512697
v -0.250914 0.626239 0.292107
v 0.006974 0.639701 0.455909
v -0.067229 0.659467 0.253484
v -0.242459 0.759926 0.234696
v -0.241698 0.923215 0.159893
v -0.236922 0.989297 0.050027
v -0.017200 0.710302 0.217911
v -0.067403 0.851920 0.143490
v -0.054081 0.942706 -0.013748
v -0.246853 1.028732 -0.039816
v -0.141482 0.987998 -0.060478
v -0.903557 -0.879915 -0.259546
v -0.882538 -1.022474 -0.452182
v -0.932430 -0.946078 -0.388077
v -0.756754 -1.074900 -0.230489
v -0.812735 -0.967803 -0.174471
v -0.790053 -1.129953 -0.391621
v -0.866626 -0.999312 -0.330529
v -0.885745 -1.025065 -0.525380
v -0.952667 -0.941581 -0.568872
v -0.931170 -0.882616 -0.742288
v -0.820638 -1.101806 -0.585947
v -0.869650 -1.008040 -0.645966
v -0.758191 -1.069523 -0.730398
v -0.841391 -0.985756 -0.755473
v -1.076334 -0.491266 -0.208821
v -1.079772 -0.493888 -0.392108
v -1.257783 -0.314299 -0.208615
v -1.326572 -0.211969 -0.207170
v -1.258935 -0.316149 -0.392168
v -1.327327 -0.211246 -0.393518
v -1.177844 -0.415073 -0.206707
v -1.181539 -0.417888 -0.393538
v -1.063303 -0.478000 -0.498448
v -1.242233 -0.299144 -0.497691
v -1.282406 -0.207107 -0.569410
v -1.249887 -0.138623 -0.682772
v -1.155963 -0.390788 -0.565646
v -1.222594 -0.262485 -0.621335
v -1.104420 -0.340304 -0.717718
v -1.160229 -0.220953 -0.771968
v -0.930743 -0.746868 -0.221050
v -0.936471 -0.577017 -0.211355
v -0.999129 -0.747699 -0.384913
v -1.006010 -0.542041 -0.385794
v -0.869724 -0.745534 -0.132759
v -0.869535 -0.578532 -0.114323
v -1.016363 -0.763471 -0.583119
v -1.025413 -0.482470 -0.570242
v -0.978559 -0.759792 -0.770507
v -0.985710 -0.561295 -0.760243
v -1.008515 -0.478501 -0.612656
v -0.955197 -0.445520 -0.758547
v -1.042918 -0.278048 -0.831934
v -0.879123 -0.839678 -0.848021
v -0.796744 -0.894363 -0.902930
v -1.090696 -0.160600 -0.875884
v -0.912045 -0.746660 -0.883824
v -0.922649 -0.572221 -0.902131
v -0.817595 -0.759346 -0.996926
v -0.850751 -0.563736 -0.993901
v -0.741756 -0.734953 -1.068820
v -0.757003 -0.569179 -1.078686
v -0.891899 -0.380562 -0.858000
v -0.962985 -0.200578 -0.957732
v -0.876961 -0.112719 -1.024139
v -0.818407 -0.312897 -0.936511
v -0.758862 -0.302074 -0.976438
v -0.732143 -0.418722 -1.056165
v -0.787795 -0.143602 -1.047997
v -0.548473 -1.212611 -0.273474
v -0.591512 -1.245224 -0.390519
v -0.425220 -1.233191 -0.247324
v -0.427783 -1.291048 -0.390843
v -0.629784 -1.135589 -0.185953
v -0.693018 -1.013065 -0.121123
v -0.681069 -1.197785 -0.385784
v -0.425225 -1.176470 -0.154761
v -0.589779 -1.251725 -0.565854
v -0.542545 -1.209349 -0.685625
v -0.431153 -1.297930 -0.582360
v -0.427554 -1.239333 -0.727858
v -0.680218 -1.200582 -0.576526
v -0.623057 -1.121882 -0.769845
v -0.694178 -1.014116 -0.842558
v -0.425959 -1.180263 -0.815580
v -0.240052 -1.229367 -0.253783
v -0.243005 -1.288787 -0.392048
v -0.132188 -1.203932 -0.283546
v -0.091428 -1.236772 -0.386004
v -0.239449 -1.175859 -0.160941
v -0.027064 -1.110345 -0.182667
v 0.025588 -1.011854 -0.122861
v -0.000704 -1.186322 -0.387151
v -0.243459 -1.303374 -0.579884
v -0.236370 -1.251611 -0.768235
v -0.071622 -1.252463 -0.579686
v -0.106090 -1.235257 -0.732573
v -0.236455 -1.204588 -0.842324
v 0.020121 -1.196203 -0.572164
v -0.049245 -1.194841 -0.786115
v -0.577269 -1.054972 -0.888312
v -0.639180 -0.952601 -0.961500
v -0.575876 -0.878975 -1.062678
v -0.418221 -1.081835 -0.947645
v -0.470012 -0.996095 -1.005650
v -0.348633 -1.020169 -1.029127
v -0.391190 -0.902625 -1.128055
v -0.221268 -1.150814 -0.929044
v -0.234755 -1.036226 -1.046704
v -0.242800 -0.944364 -1.129658
v -0.059614 -1.092118 -0.954761
v -0.005480 -0.985142 -1.005399
v -0.132137 -1.023878 -1.032049
v -0.055136 -0.931634 -1.080429
v -0.692714 -0.832188 -1.022271
v -0.632424 -0.744453 -1.135349
v -0.616392 -0.563652 -1.168996
v -0.441747 -0.773072 -1.188955
v -0.436668 -0.567449 -1.216761
v -0.683887 -0.301986 -1.016236
v -0.676766 -0.266719 -0.996830
v -0.601720 -0.377357 -1.126784
v -0.598623 -0.235934 -1.031169
v -0.331582 -0.324384 -1.163988
v -0.453370 -0.176797 -1.037880
v -0.366232 -0.674119 -1.212776
v -0.366311 -0.610464 -1.218185
v -0.336621 -0.136428 -1.208023
v -0.251714 -0.759041 -1.203441
v -0.182273 -0.541929 -1.201182
v -0.009424 -0.710778 -1.144134
v -0.115044 -0.616886 -1.169861
v -0.303472 -0.391248 -1.169762
v -0.327592 -0.257407 -1.194445
v -0.302994 -0.673700 -1.210535
v -0.165449 -0.556499 -1.201305
v 0.011882 -0.661804 -1.214144
v -0.153696 -0.520949 -1.260440
v -0.223242 -0.390172 -1.274374
v -0.253802 -0.193788 -1.316653
v -0.153808 -0.124966 -1.385949
v -0.080862 -0.402090 -1.371212
v -0.141167 -0.246524 -1.380719
v -0.022176 -0.346278 -1.414757
v -0.066992 -0.198163 -1.438109
v -1.392548 -0.025352 -0.207837
v -1.410718 0.160657 -0.208334
v -1.389525 -0.025119 -0.393804
v -1.403481 0.160548 -0.393939
v -1.385764 0.345707 -0.208551
v -1.320545 0.531829 -0.208114
v -1.378068 0.345743 -0.394127
v -1.299693 0.547688 -0.410412
v -1.235471 0.610292 -0.477958
v -1.341339 -0.024738 -0.579285
v -1.353386 0.160628 -0.578941
v -1.273347 -0.023085 -0.712103
v -1.278868 0.160513 -0.722296
v -1.212577 -0.023554 -0.804991
v -1.218552 0.160447 -0.813408
v -1.324860 0.345427 -0.578812
v -1.273076 0.487355 -0.577240
v -1.263478 0.343556 -0.697294
v -1.239912 0.439740 -0.668195
v -1.226961 0.579319 -0.577436
v -1.206057 0.344841 -0.791994
v -1.156960 0.522442 -0.757131
v -1.037833 0.589977 -0.826043
v -1.255707 0.632189 -0.209080
v -1.253202 0.630534 -0.358309
v -1.181743 0.733545 -0.207326
v -1.079479 0.814564 -0.208911
v -1.183469 0.728476 -0.399936
v -1.079693 0.814667 -0.392372
v -1.135112 0.714240 -0.573005
v -1.061641 0.797198 -0.495017
v -1.094521 0.654279 -0.709203
v -0.976324 0.885557 -0.207314
v -0.976934 0.887700 -0.393718
v -0.789584 0.951985 -0.207486
v -0.789954 0.956734 -0.393168
v -1.029759 0.775756 -0.618986
v -0.973761 0.842308 -0.567878
v -0.982580 0.719615 -0.769138
v -0.905739 0.811120 -0.689153
v -0.790425 0.917003 -0.579853
v -0.788272 0.775134 -0.817845
v -0.789195 0.843047 -0.728384
v -1.122257 -0.024321 -0.907036
v -1.132498 0.160589 -0.918527
v -1.112666 0.344520 -0.899326
v -1.080137 0.469869 -0.866922
v -1.001527 -0.024934 -1.001732
v -1.020110 0.160535 -1.006291
v -0.906146 -0.023583 -1.048535
v -0.927645 0.160499 -1.058286
v -0.789861 -0.025611 -1.091454
v -0.789519 0.160378 -1.111475
v -0.975921 0.363485 -1.005001
v -0.949393 0.536584 -0.948145
v -0.909741 0.311463 -1.047955
v -0.873779 0.429768 -1.022888
v -0.807563 0.534473 -1.011781
v -0.807697 0.363429 -1.079889
v -0.755964 0.472300 -1.050977
v -0.919954 0.648725 -0.876393
v -0.789390 0.686146 -0.910889
v -0.165445 0.599028 -0.832243
v -0.121400 0.575937 -0.813825
v -0.603968 0.972281 -0.207501
v -0.603980 0.975350 -0.392906
v -0.419429 0.948560 -0.205226
v -0.418645 0.953549 -0.393101
v -0.357287 0.991318 -0.149302
v -0.603722 0.936300 -0.578459
v -0.604042 0.789177 -0.835305
v -0.603579 0.857565 -0.748556
v -0.418239 0.912116 -0.578644
v -0.420201 0.774891 -0.816761
v -0.419521 0.839664 -0.725777
v -0.271633 0.924589 -0.328443
v -0.240372 0.900712 -0.322297
v -0.008875 0.748732 -0.306989
v -0.078354 0.910748 -0.245840
v -0.020505 0.765857 -0.298864
v -0.117895 0.829402 -0.329194
v -0.247844 1.013087 -0.161045
v -0.143612 0.979068 -0.135257
v -0.179005 0.777871 -0.624655
v -0.235263 0.841043 -0.571118
v -0.222856 0.719636 -0.775601
v -0.301187 0.810303 -0.688680
v 0.020706 0.649297 -0.592697
v -0.141776 0.800377 -0.502100
v -0.071292 0.615963 -0.743550
v -0.603845 -0.025349 -1.111698
v -0.603788 0.160209 -1.133369
v -0.413655 -0.004396 -1.092419
v -0.366465 0.146138 -1.099056
v -0.604053 0.583519 -1.014416
v -0.604004 0.346003 -1.113750
v -0.604085 0.491631 -1.061158
v -0.418982 0.558312 -1.003687
v -0.419408 0.345260 -1.088483
v -0.420150 0.464084 -1.047670
v -0.337084 -0.078048 -1.208359
v -0.329269 0.042765 -1.197404
v -0.374650 0.164693 -1.091385
v -0.197122 0.484508 -0.950677
v -0.300389 0.352956 -1.045498
v -0.256899 0.412730 -1.000756
v -0.163118 0.560899 -0.864464
v -0.124969 0.409213 -1.176239
v -0.071853 0.498426 -1.123320
v -0.251114 -0.019648 -1.321917
v -0.229398 0.168133 -1.281322
v -0.154769 -0.085035 -1.387402
v -0.145134 0.036000 -1.381554
v -0.114962 0.166273 -1.370660
v -0.066723 -0.025944 -1.444108
v -0.022056 0.165864 -1.419489
v -0.184289 0.288303 -1.236182
v -0.055059 0.338086 -1.314630
v -0.002777 0.450896 -1.225882
v 0.021096 0.256057 -1.387624
v -0.604270 0.705606 -0.929622
v -0.419084 0.686327 -0.911673
v -0.283040 0.649081 -0.876955
v 0.006604 0.623867 -0.879319
v 0.186089 -0.852049 0.647969
v 0.339577 -0.861266 0.817822
v 0.297189 -0.909701 0.682585
v 0.478604 -0.877676 0.835538
v 0.481960 -0.935259 0.708986
v 0.606914 -0.855343 0.812974
v 0.648906 -0.892251 0.698848
v 0.198618 -0.504891 0.972830
v 0.344796 -0.684943 0.988310
v 0.310985 -0.569246 1.030326
v 0.197530 -0.429322 0.974968
v 0.292181 -0.357248 1.017636
v 0.339059 -0.260925 0.986814
v 0.144003 -0.719045 0.848009
v 0.096641 -0.580702 0.893733
v 0.095162 -0.772981 0.715840
v 0.037117 -0.632673 0.766444
v 0.276133 -0.779242 0.912027
v 0.224942 -0.626407 0.956906
v 0.221608 -0.826751 0.767621
v 0.104185 -0.382790 0.921056
v 0.138311 -0.183601 0.910322
v 0.219502 -0.308611 0.960812
v 0.268679 -0.184735 0.943098
v 0.492076 -0.700322 1.004981
v 0.484312 -0.577205 1.056544
v 0.603980 -0.680286 0.983903
v 0.653686 -0.548117 1.015026
v 0.481687 -0.385730 1.051747
v 0.485417 -0.253402 0.994541
v 0.653985 -0.410417 1.008870
v 0.589844 -0.276442 0.973746
v 0.474409 -0.801028 0.939241
v 0.686401 -0.767001 0.903306
v 0.732089 -0.578078 0.957133
v 0.737423 -0.829978 0.707566
v 0.445820 -0.099026 0.910960
v 0.725737 -0.375952 0.953372
v 0.655163 -0.121685 0.859261
v 0.177238 -0.859849 0.514040
v 0.194737 -0.842244 0.399820
v 0.294412 -0.915101 0.506903
v 0.304639 -0.876791 0.356550
v 0.107770 -0.890554 -0.005380
v 0.297055 -0.903307 -0.050489
v 0.490168 -0.935029 0.502034
v 0.476070 -0.882375 0.354610
v 0.649423 -0.893613 0.524036
v 0.605079 -0.853868 0.388674
v 0.078400 -0.800708 0.512006
v 0.040127 -0.721263 0.252239
v 0.290627 -0.832587 0.270794
v 0.096619 -0.665382 0.122754
v 0.117418 -0.800952 0.038114
v 0.296811 -0.698212 0.071281
v 0.316154 -0.651070 0.056672
v 0.294950 -0.773638 0.047608
v 0.332759 -0.627544 0.050740
v 0.489271 -0.825201 0.261906
v 0.736532 -0.827300 0.496967
v 0.687981 -0.771008 0.307984
v 0.740009 -0.630613 0.254923
v 0.474337 -0.749520 0.157572
v 0.515507 -0.535793 0.002837
v 0.425034 -0.715662 -0.076557
v 0.426215 -0.531970 -0.018063
v 0.624717 -0.702058 0.194139
v 0.685933 -0.552702 0.135179
v 0.621594 -0.521406 -0.118467
v 0.791199 -0.701102 0.829983
v 0.831008 -0.565459 0.866242
v 0.830837 -0.746416 0.678498
v 0.899507 -0.571386 0.709421
v 0.815080 -0.402216 0.875709
v 0.782537 -0.236344 0.800949
v 0.896441 -0.321512 0.668501
v 0.842919 -0.291342 0.730876
v 0.965902 -0.135442 0.801518
v 0.975970 -0.317373 0.632845
v 1.038416 -0.217958 0.713200
v 1.164759 -0.166842 0.654907
v 0.826377 -0.746163 0.526845
v 0.917426 -0.445509 0.388206
v 0.788301 -0.697771 0.371163
v 0.862037 -0.503764 0.326652
v 0.949838 -0.482239 0.276738
v 0.902880 -0.429074 0.508910
v 0.878660 -0.474026 0.407332
v 1.038085 -0.365680 0.529442
v 1.095151 -0.279926 0.586483
v 1.022218 -0.449122 0.338699
v 0.759474 -0.555362 0.233344
v 0.843121 -0.504388 -0.032258
v 0.958955 -0.491131 0.150856
v 0.947190 -0.480023 0.031381
v 0.900197 -0.466189 -0.090057
v 1.052825 -0.453031 0.150788
v 1.020314 -0.444056 -0.033358
v 1.146653 -0.320297 0.467809
v 1.221663 -0.225847 0.532558
v 1.181538 -0.350585 0.335125
v 1.272433 -0.266640 0.334722
v 1.313613 -0.139857 0.458296
v 1.342195 -0.174899 0.335189
v 1.196836 -0.364153 0.150572
v 1.283875 -0.280147 0.150674
v 1.177385 -0.347729 -0.034181
v 1.267530 -0.262422 -0.033369
v 1.357543 -0.192944 0.150742
v 1.339727 -0.170572 -0.033256
v 0.388907 0.054475 0.965932
v 0.389050 0.070834 0.964148
v 0.126765 -0.014429 0.866196
v 0.162381 0.184859 0.840068
v 0.036515 0.025661 0.752101
v 0.044475 0.152489 0.723063
v 0.338890 -0.028316 0.958244
v 0.312121 0.143947 0.937686
v 0.164714 0.260642 0.801953
v 0.202744 0.444612 0.787999
v 0.017201 0.315475 0.681674
v 0.113455 0.516499 0.701261
v 0.318678 0.271069 0.892868
v 0.293336 0.516608 0.829726
v 0.237448 0.568226 0.767484
v 0.405083 0.054470 0.967785
v 0.405120 0.070934 0.965967
v 0.713949 0.248521 0.967306
v 0.713957 0.266894 0.967874
v 0.396924 -0.017397 0.945431
v 0.510198 0.145636 0.951865
v 0.562374 -0.151960 0.883647
v 0.656065 0.175792 0.963892
v 0.474817 0.342697 0.944108
v 0.474257 0.528448 0.904532
v 0.655633 0.333834 0.972032
v 0.659958 0.528385 0.935331
v 0.162941 0.662900 0.647605
v 0.361187 0.636962 0.799849
v 0.284573 0.718695 0.709691
v 0.344044 0.824435 0.638107
v 0.475391 0.677058 0.832408
v 0.476252 0.767525 0.766445
v 0.474957 0.861108 0.677601
v 0.659823 0.705076 0.853774
v 0.660345 0.790313 0.784061
v 0.659729 0.884765 0.702482
v 0.045110 0.577769 0.577924
v 0.102647 0.718282 0.527991
v 0.175781 0.822031 0.466914
v 0.050353 0.767017 0.334897
v 0.139732 0.854192 0.335524
v 0.226055 0.778563 0.585286
v 0.281502 0.874439 0.529500
v 0.292161 0.954610 0.351600
v 0.357707 0.995148 0.299314
v 0.018689 0.776204 0.099986
v 0.018162 0.787982 0.095861
v 0.094714 0.797905 -0.116266
v 0.251854 0.955603 0.150901
v 0.293452 0.952391 -0.045906
v 0.343585 1.003317 0.150872
v 0.359900 0.992378 0.009443
v 0.458534 0.960133 0.525318
v 0.393080 0.971870 0.418009
v 0.660262 0.966645 0.579218
v 0.511000 0.999815 0.463707
v 0.458322 1.026629 0.352000
v 0.660203 1.015685 0.488901
v 0.659818 1.065885 0.335943
v 0.399818 0.969864 -0.109744
v 0.474839 1.054270 0.150750
v 0.463147 1.022487 -0.046236
v 0.659897 1.083973 0.150685
v 0.660033 1.060779 -0.035117
v 0.751644 0.248597 0.964152
v 0.751671 0.266926 0.964573
v 0.845616 -0.028648 0.903892
v 0.827171 0.174693 0.960301
v 1.032810 -0.027151 0.840059
v 1.032914 0.157174 0.893887
v 1.087666 -0.081475 0.769826
v 0.827187 0.334028 0.963072
v 0.846237 0.528893 0.921113
v 1.033947 0.343461 0.896763
v 1.017647 0.527551 0.858863
v 1.093957 0.581770 0.769012
v 1.128601 0.040574 0.796490
v 1.149106 0.158899 0.815979
v 1.220710 -0.025073 0.704183
v 1.248790 0.158172 0.730516
v 1.302547 0.043354 0.615315
v 1.317468 0.159233 0.631377
v 1.147340 0.342453 0.814828
v 1.126081 0.459861 0.795304
v 1.253866 0.353525 0.712440
v 1.208330 0.530928 0.692527
v 1.311383 0.305576 0.624879
v 0.845805 0.689990 0.842917
v 0.844624 0.778634 0.774888
v 0.846857 0.872157 0.689211
v 0.973916 0.650062 0.811467
v 1.042013 0.726927 0.723894
v 0.985920 0.835041 0.648989
v 1.153627 0.665355 0.651356
v 1.280500 -0.079099 0.580025
v 1.346056 -0.024372 0.523492
v 1.383013 0.159014 0.522111
v 1.415516 -0.027950 0.336929
v 1.442575 0.159511 0.336097
v 1.291294 0.424985 0.599072
v 1.287240 0.543108 0.533695
v 1.291875 0.609189 0.417979
v 1.349313 0.358351 0.534630
v 1.325291 0.492196 0.482360
v 1.416696 0.343746 0.335025
v 1.347680 0.542254 0.350122
v 1.439277 -0.028489 0.151137
v 1.468715 0.158977 0.151685
v 1.418243 -0.029022 -0.035328
v 1.457151 0.158541 -0.034028
v 1.447339 0.343757 0.152077
v 1.392584 0.526768 0.152244
v 1.446135 0.344184 -0.032723
v 1.395504 0.528523 -0.032108
v 0.845505 0.959638 0.561279
v 1.101516 0.781237 0.588048
v 1.026903 0.905851 0.520398
v 1.068388 0.949551 0.335485
v 0.845088 1.005101 0.468265
v 0.846224 1.050641 0.336537
v 0.942121 0.978411 0.433397
v 0.973785 1.002851 0.334720
v 1.087672 0.960948 0.151241
v 1.068130 0.956960 -0.033808
v 0.846222 1.070671 0.150719
v 0.846434 1.046871 -0.035417
v 0.997833 1.016684 0.151093
v 0.973769 1.003215 -0.033240
v 1.196781 0.723352 0.529012
v 1.141218 0.823324 0.469258
v 1.269086 0.707018 0.350153
v 1.172399 0.855793 0.335164
v 1.311607 0.642308 0.298555
v 1.276752 0.758013 0.151695
v 1.193786 0.876165 0.151867
v 1.274105 0.757256 -0.031974
v 1.186966 0.866454 -0.033939
v 1.327919 0.666563 0.151819
v 1.329578 0.664587 -0.031309
v 0.087647 -1.069611 -0.258282
v 0.019930 -1.064455 -0.176239
v 0.150769 -1.069541 -0.364589
v 0.199682 -1.008984 -0.475484
v 0.236578 -1.033500 -0.262424
v 0.339125 -0.975869 -0.185879
v 0.236134 -1.045244 -0.374857
v 0.319188 -0.991208 -0.407958
v 0.125442 -1.122543 -0.570044
v 0.205052 -1.006518 -0.572492
v 0.104273 -1.090275 -0.760240
v 0.178716 -0.971707 -0.752639
v 0.304488 -0.889632 -0.579730
v 0.220112 -0.904173 -0.736925
v 0.420457 -0.874940 -0.217030
v 0.462646 -0.801358 -0.388803
v 0.367611 -0.870600 -0.504310
v 0.484907 -0.877439 -0.752683
v 0.572542 -0.834529 -0.656263
v 0.576867 -0.844805 -0.752504
v 0.388113 -0.831074 -0.122493
v 0.504794 -0.684234 -0.202954
v 0.464284 -0.652832 -0.151432
v 0.453950 -0.801692 -0.377822
v 0.602711 -0.673339 -0.274060
v 0.694378 -0.497792 -0.134593
v 0.669731 -0.713531 -0.385905
v 0.724722 -0.633140 -0.332016
v 0.527565 -0.831845 -0.532650
v 0.653961 -0.799036 -0.581818
v 0.674348 -0.808269 -0.752681
v 0.060568 -1.046544 -0.879854
v 0.199168 -0.878326 -0.895740
v 0.043611 -0.858330 -1.036521
v 0.217207 -0.865061 -0.978579
v 0.484380 -0.862852 -0.893189
v 0.571878 -0.834216 -0.846587
v 0.118536 -0.836542 -0.980957
v 0.036021 -0.807631 -1.066061
v 0.313844 -0.840984 -1.024316
v 0.316428 -0.802669 -1.123025
v 0.115119 -0.690161 -1.242434
v 0.101606 -0.566302 -1.350199
v 0.168934 -0.480049 -1.392896
v 0.300309 -0.699099 -1.249834
v 0.278268 -0.582932 -1.342640
v 0.227923 -0.477645 -1.387666
v 0.047924 -0.463519 -1.381829
v 0.117834 -0.400245 -1.430790
v 0.095292 -0.205485 -1.476433
v 0.349560 -0.442642 -1.380287
v 0.294939 -0.384908 -1.414235
v 0.301754 -0.202981 -1.448766
v 0.484413 -0.838315 -0.986200
v 0.497782 -0.764619 -1.139281
v 0.565209 -0.649712 -1.201547
v 0.674757 -0.777265 -0.959478
v 0.671930 -0.707637 -1.087397
v 0.689863 -0.614284 -1.170465
v 0.745888 -0.463588 -1.201039
v 0.447250 -0.681926 -1.231947
v 0.502177 -0.597604 -1.276021
v 0.632189 -0.535951 -1.246029
v 0.478604 -0.383532 -1.359930
v 0.534989 -0.202214 -1.376691
v 0.412999 -0.320791 -1.393299
v 0.444443 -0.202331 -1.408885
v 0.680997 -0.397948 -1.268288
v 0.666304 -0.203000 -1.321020
v 0.776102 -0.459123 -0.196758
v 0.768498 -0.667844 -0.454381
v 0.851786 -0.565329 -0.393813
v 0.936890 -0.480204 -0.470377
v 0.831632 -0.428785 -0.241338
v 0.901176 -0.374211 -0.274838
v 1.030451 -0.356611 -0.221361
v 1.085576 -0.273730 -0.277125
v 0.967391 -0.309701 -0.323244
v 1.015618 -0.199773 -0.417568
v 0.797961 -0.694759 -0.568959
v 0.894728 -0.604889 -0.567476
v 0.815328 -0.710560 -0.752540
v 0.906312 -0.620207 -0.752502
v 0.961031 -0.508505 -0.569026
v 0.974781 -0.527945 -0.752504
v 1.026017 -0.389786 -0.566658
v 1.073732 -0.204425 -0.567287
v 1.050869 -0.391009 -0.752680
v 1.097068 -0.204181 -0.752753
v 1.140847 -0.315140 -0.156691
v 1.217033 -0.214316 -0.221412
v 1.155511 -0.155831 -0.341202
v 1.311090 -0.135397 -0.150185
v 0.796078 -0.695149 -0.934179
v 0.904705 -0.584066 -0.949282
v 0.760431 -0.661075 -1.035164
v 0.813808 -0.557748 -1.116003
v 0.964401 -0.511375 -0.902117
v 0.929216 -0.467748 -1.018947
v 0.888193 -0.426581 -1.124369
v 0.895192 -0.202894 -1.177318
v 1.016375 -0.405024 -0.930724
v 1.069379 -0.204430 -0.938596
v 0.964921 -0.351369 -1.061317
v 0.988029 -0.204131 -1.089615
v 0.777277 -0.344057 -1.222998
v 0.801897 -0.202323 -1.240759
v 0.710785 0.584013 -0.588264
v 0.693502 0.587582 -0.752561
v 0.073754 0.706845 -0.202583
v 0.085148 0.774084 -0.144968
v 0.096374 0.622452 -0.341138
v 0.228251 0.779225 -0.283204
v 0.284944 0.868473 -0.226324
v 0.319319 0.671951 -0.479334
v 0.347644 0.818852 -0.329683
v 0.015829 0.655269 -0.537705
v 0.114514 0.681814 -0.753575
v 0.287903 0.680868 -0.482608
v 0.299441 0.702120 -0.753371
v 0.463418 0.951873 -0.218178
v 0.479994 0.747827 -0.444329
v 0.476196 0.851839 -0.364418
v 0.660207 0.957411 -0.264463
v 0.660472 0.773350 -0.468975
v 0.660211 0.871303 -0.384521
v 0.518895 0.993198 -0.151902
v 0.660169 1.007046 -0.172838
v 0.490934 0.658301 -0.507764
v 0.484720 0.679717 -0.753084
v 0.628964 0.611517 -0.583805
v 0.606463 0.634805 -0.752598
v 0.052801 0.606035 -1.000006
v 0.110963 0.583400 -1.115605
v 0.299390 0.589636 -1.149569
v 0.103248 -0.015584 -1.487087
v 0.111424 0.169784 -1.460547
v 0.301859 -0.020668 -1.464209
v 0.301981 0.164077 -1.455646
v 0.113672 0.380744 -1.356575
v 0.114469 0.483396 -1.259218
v 0.115874 0.283236 -1.410636
v 0.300206 0.389298 -1.366128
v 0.299582 0.498142 -1.273628
v 0.300556 0.294610 -1.415697
v 0.549825 0.607118 -1.003548
v 0.490250 0.583614 -1.116502
v 0.664625 0.588083 -0.944237
v 0.722327 0.404714 -1.179726
v 0.669107 0.500262 -1.125044
v 0.554571 -0.020651 -1.383022
v 0.541716 0.161340 -1.381203
v 0.465009 -0.020746 -1.417768
v 0.451567 0.161882 -1.414942
v 0.666003 -0.020794 -1.335724
v 0.669302 0.162674 -1.328915
v 0.484395 0.357082 -1.356516
v 0.484358 0.482354 -1.255450
v 0.418994 0.273194 -1.396639
v 0.673078 0.332970 -1.281296
v 0.598685 0.450230 -1.222685
v 0.112265 0.649285 -0.940506
v 0.173549 0.622613 -1.042059
v 0.299222 0.675167 -0.937807
v 0.299307 0.633911 -1.054671
v 0.489416 0.651720 -0.943204
v 0.429355 0.624046 -1.043731
v 0.592622 0.625102 -0.883080
v 1.055321 -0.056468 -0.480128
v 1.087988 0.577526 -0.469419
v 1.068984 0.009719 -0.498300
v 1.068401 0.164729 -0.552118
v 1.099371 -0.018703 -0.752717
v 1.063852 0.163511 -0.753414
v 0.850204 0.569476 -0.571106
v 0.912068 0.408430 -0.817125
v 0.831765 0.526230 -0.750903
v 1.050469 0.374179 -0.556911
v 0.975017 0.459238 -0.587366
v 0.999154 0.362156 -0.765005
v 0.953198 0.453329 -0.700713
v 1.276047 -0.073607 -0.273673
v 1.209265 -0.012420 -0.398190
v 1.234977 0.157247 -0.430534
v 1.348072 -0.021821 -0.220050
v 1.397651 0.159911 -0.218755
v 1.301470 0.050106 -0.311005
v 1.320436 0.158768 -0.331519
v 1.281909 0.581183 -0.277353
v 1.240775 0.342799 -0.433550
v 1.217653 0.524873 -0.406331
v 1.394612 0.344204 -0.220485
v 1.344928 0.526354 -0.220554
v 1.321837 0.342072 -0.333613
v 1.303626 0.458616 -0.314353
v 1.116670 0.061747 -0.484290
v 1.136214 0.158638 -0.502186
v 1.140925 0.341753 -0.505453
v 1.123661 0.454930 -0.489594
v 0.845006 0.953756 -0.251438
v 0.844041 0.762444 -0.462274
v 0.845330 0.862046 -0.374413
v 1.104274 0.785816 -0.292579
v 1.034390 0.901801 -0.222112
v 1.054307 0.730438 -0.404139
v 0.988722 0.831499 -0.341765
v 0.844144 1.000002 -0.157044
v 0.940547 0.976717 -0.127984
v 0.844126 0.670625 -0.523368
v 0.965814 0.638525 -0.498865
v 1.232005 0.722157 -0.230167
v 1.153557 0.832300 -0.176716
v 1.167045 0.673911 -0.354788
v 1.310204 0.637616 -0.155062
v 0.905586 -0.020542 -1.183191
v 0.906955 0.180870 -1.156371
v 1.076302 -0.017225 -0.934379
v 1.033140 0.168710 -0.940835
v 0.990405 -0.021181 -1.102582
v 0.972431 0.146672 -1.085639
v 0.896029 0.384060 -0.935873
v 0.811964 0.487320 -0.938002
v 0.845817 0.337038 -1.129320
v 0.775958 0.453566 -1.055909
v 0.985369 0.276542 -0.912329
v 0.938257 0.261768 -1.034682
v 0.814504 -0.020714 -1.250710
v 0.803349 0.162626 -1.246441
v 0.773745 0.281078 -1.223348
vn -0.6604 -0.6652 0.3483
vn -0.7497 -0.4494 0.4858
vn -0.8544 -0.4865 0.1826
vn -0.6940 -0.7076 0.1325
vn -0.4058 -0.6754 0.6157
vn -0.1804 -0.7254 0.6643
vn -0.2501 -0.5093 0.8235
vn -0.5141 -0.4489 0.7309
vn -0.4090 -0.3138 0.8569
vn -0.1998 -0.3986 0.8951
vn -0.4668 -0.7765 0.4232
vn -0.4992 -0.8556 0.1372
vn -0.3191 -0.9121 0.2576
vn -0.2019 -0.8774 0.4352
vn -0.5990 -0.5707 0.5617
vn -0.1232 -0.9362 0.3293
vn -0.2279 -0.9574 0.1772
vn -0.3649 -0.9277 0.0781
vn -0.6950 -0.3082 0.6497
vn -0.6906 -0.7075 -0.1501
vn -0.8424 -0.5062 -0.1849
vn -0.7486 -0.5138 -0.4190
vn -0.6608 -0.6689 -0.3405
vn -0.6015 -0.6138 0.5113
vn -0.7144 -0.4455 0.5397
vn -0.7421 -0.5229 0.4194
vn -0.6533 -0.6728 0.3472
vn -0.7800 -0.5706 0.2571
vn -0.8302 -0.4431 0.3384
vn -0.7945 -0.3654 0.4850
vn -0.4927 -0.8566 -0.1533
vn -0.5153 -0.7752 -0.3655
vn -0.4088 -0.8416 -0.3530
vn -0.3936 -0.8883 -0.2368
vn -0.3805 -0.7963 0.4702
vn -0.4520 -0.8223 0.3458
vn -0.3765 -0.8312 0.4091
vn -0.3581 -0.8092 0.4658
vn -0.6393 -0.6110 -0.4668
vn -0.4745 -0.7119 0.5178
vn -0.5711 -0.5601 0.6001
vn -0.5062 -0.7580 0.4113
vn -0.6427 -0.5941 -0.4838
vn -0.5275 -0.7258 -0.4416
vn -0.4043 -0.8063 -0.4318
vn -0.2476 -0.9661 -0.0733
vn -0.4195 -0.8793 -0.2256
vn -0.3688 -0.9281 -0.0518
vn -0.3509 -0.8003 0.4863
vn -0.9835 0.1805 -0.0128
vn -0.5374 -0.8026 0.2587
vn -0.8008 -0.4107 -0.4359
vn 0.0913 -0.7279 0.6796
vn 0.3383 -0.6774 0.6533
vn 0.3672 -0.5061 0.7804
vn 0.0982 -0.5686 0.8168
vn 0.0888 -0.4329 0.8971
vn 0.2982 -0.3906 0.8709
vn 0.0629 -0.9310 0.3595
vn 0.0151 -0.9773 0.2114
vn 0.2389 -0.9352 0.2615
vn 0.2031 -0.9056 0.3723
vn 0.5163 -0.6843 0.5150
vn 0.6284 -0.6267 0.4608
vn 0.6749 -0.4728 0.5666
vn 0.6152 -0.5079 0.6029
vn 0.5131 -0.7837 0.3500
vn 0.6123 -0.6991 0.3693
vn 0.4554 -0.6273 0.6317
vn 0.5371 -0.4610 0.7064
vn 0.3306 -0.7913 0.5144
vn 0.3490 -0.8672 0.3552
vn 0.0829 -0.8652 0.4946
vn -0.7813 -0.1605 0.6031
vn -0.7613 -0.0069 0.6484
vn -0.8563 -0.1635 0.4898
vn -0.8357 -0.3399 0.4313
vn 0.3685 -0.9009 0.2295
vn -0.3458 -0.6434 0.6829
vn -0.1231 -0.6927 0.7106
vn -0.1411 -0.5635 0.8140
vn -0.4208 -0.4925 0.7618
vn -0.3243 -0.4020 0.8563
vn -0.1761 -0.4599 0.8704
vn 0.1621 -0.7096 0.6857
vn 0.3462 -0.6816 0.6447
vn 0.3088 -0.6195 0.7217
vn 0.1178 -0.5962 0.7942
vn 0.1067 -0.4977 0.8608
vn 0.2686 -0.4785 0.8360
vn -0.1010 -0.6689 0.7364
vn -0.0357 -0.5871 0.8087
vn -0.0610 -0.6190 0.7830
vn 0.0424 -0.4747 0.8791
vn 0.0636 -0.4455 0.8930
vn 0.1985 0.1379 0.9704
vn -0.5791 -0.3114 0.7534
vn -0.5796 -0.3116 0.7530
vn -0.5950 -0.3165 0.7387
vn 0.0250 -0.3909 0.9201
vn 0.0442 -0.4455 0.8942
vn -0.0447 -0.1050 0.9935
vn -0.0456 -0.0756 0.9961
vn 0.0900 -0.5707 0.8162
vn -0.6116 -0.3217 0.7228
vn 0.0992 -0.3949 0.9133
vn -0.7894 -0.6136 0.0183
vn -0.8262 -0.5630 0.0214
vn -0.8388 -0.5439 0.0226
vn -0.0771 -0.9967 0.0236
vn 0.1783 -0.9820 0.0624
vn -0.0501 0.0948 0.9942
vn -0.7412 -0.6707 -0.0283
vn -0.1167 -0.9764 -0.1819
vn -0.0089 -0.9950 0.0998
vn -0.6706 -0.2090 0.7118
vn -0.5265 -0.2763 0.8040
vn -0.6137 -0.1014 0.7830
vn -0.6940 -0.0861 0.7148
vn 0.6277 0.3724 -0.6836
vn -0.8776 -0.4787 0.0262
vn -0.9282 -0.3620 0.0858
vn -0.9245 -0.3701 -0.0915
vn 0.2091 -0.9630 0.1700
vn -0.7868 -0.5566 0.2668
vn -0.8822 -0.3690 0.2926
vn -0.7425 -0.6522 0.1528
vn 0.4868 -0.8406 0.2377
vn 0.5816 -0.7757 0.2451
vn 0.3595 -0.9091 0.2105
vn -0.9130 -0.2353 0.3333
vn -0.3701 -0.3694 0.8524
vn -0.1526 -0.4301 0.8898
vn 0.2895 -0.5101 0.8099
vn 0.3543 -0.5066 0.7860
vn 0.0426 -0.4538 0.8901
vn -0.5988 -0.4110 0.6874
vn -0.9084 -0.0616 0.4136
vn -0.8992 0.0512 0.4345
vn -0.9736 0.0948 0.2076
vn -0.9611 -0.1907 0.1996
vn -0.8452 -0.1289 0.5187
vn -0.8286 0.1166 0.5475
vn -0.8963 -0.2735 0.3492
vn -0.8771 0.1891 0.4415
vn -0.7699 0.3094 0.5581
vn -0.7197 0.5276 0.4513
vn -0.7642 0.6221 0.1703
vn -0.8953 0.3672 0.2522
vn -0.4697 -0.1517 0.8697
vn -0.5093 0.0915 0.8557
vn -0.6418 0.0965 0.7608
vn -0.6002 -0.1439 0.7868
vn -0.2296 -0.1890 0.9548
vn -0.2633 0.0915 0.9604
vn -0.2565 0.3310 0.9081
vn -0.0949 0.4968 0.8627
vn -0.2199 0.6534 0.7244
vn -0.3343 0.4219 0.8427
vn -0.5831 0.3147 0.7490
vn -0.4832 0.5699 0.6646
vn -0.4936 0.2161 0.8424
vn -0.7333 -0.0864 0.6744
vn -0.7322 0.0957 0.6743
vn -0.6703 0.3928 0.6296
vn -0.5564 0.6591 0.5059
vn -0.6027 0.7781 0.1772
vn -0.3020 0.7815 0.5459
vn -0.9471 0.2616 0.1857
vn -0.7144 0.2105 0.6673
vn -0.1883 0.8919 0.4111
vn -0.1907 0.9719 0.1379
vn -0.4511 0.8827 0.1318
vn -0.4028 0.8405 0.3625
vn -0.9684 -0.2020 -0.1465
vn -0.9872 0.0843 -0.1352
vn -0.9301 0.0747 -0.3597
vn -0.9184 -0.1611 -0.3615
vn -0.9054 -0.0100 -0.4244
vn -0.8865 -0.2166 -0.4090
vn -0.8749 -0.3500 -0.3347
vn -0.8854 0.4414 -0.1454
vn -0.7410 0.6541 -0.1517
vn -0.7145 0.6317 -0.3007
vn -0.8616 0.3816 -0.3349
vn -0.9098 0.2569 -0.3259
vn -0.9437 0.2993 -0.1409
vn -0.8272 -0.2200 0.5170
vn -0.8419 0.0038 0.5396
vn -0.9405 0.0069 0.3398
vn -0.9100 -0.2254 0.3481
vn -0.7914 -0.2189 0.5707
vn -0.7655 0.0645 0.6402
vn -0.8250 0.2205 0.5204
vn -0.7998 0.3596 0.4807
vn -0.8433 0.4334 0.3178
vn -0.9151 0.2288 0.3321
vn -0.7226 0.2481 0.6452
vn -0.6755 0.4520 0.5826
vn -0.7598 0.5115 0.4013
vn -0.5886 0.7946 -0.1487
vn -0.5706 0.7671 -0.2931
vn -0.9025 -0.0937 -0.4203
vn -0.8839 -0.2355 -0.4040
vn -0.6780 0.2512 0.6908
vn -0.5815 0.4172 0.6985
vn -0.7298 0.1293 0.6713
vn -0.5007 0.5204 0.6918
vn -0.5229 0.5305 0.6672
vn -0.2153 0.9691 -0.1204
vn -0.2287 0.9421 -0.2454
vn -0.4456 0.8518 -0.2754
vn -0.4562 0.8785 -0.1419
vn -0.4436 0.6766 0.5877
vn -0.3552 0.7927 0.4954
vn -0.4342 0.8324 0.3445
vn -0.5100 0.7513 0.4190
vn -0.2289 0.7385 0.6343
vn -0.2229 0.8220 0.5240
vn -0.2223 0.9066 0.3588
vn -0.6721 0.6607 0.3343
vn -0.5669 0.7841 0.2525
vn -0.5986 0.6060 0.5239
vn -0.2284 0.6935 0.6833
vn -0.3943 0.6141 0.6836
vn 0.4869 -0.2023 0.8497
vn 0.5146 0.0832 0.8534
vn 0.3744 0.0798 0.9238
vn 0.3554 -0.2068 0.9115
vn 0.1076 -0.2043 0.9730
vn 0.0814 0.0887 0.9927
vn 0.2136 0.5020 0.8381
vn 0.0968 0.6761 0.7305
vn -0.0033 0.5057 0.8627
vn 0.0774 0.3590 0.9301
vn 0.4184 0.3998 0.8155
vn 0.3851 0.6192 0.6843
vn 0.3220 0.2992 0.8982
vn 0.6268 -0.2062 0.7514
vn 0.7305 -0.1186 0.6726
vn 0.7308 0.0914 0.6764
vn 0.6264 0.0900 0.7743
vn 0.8698 0.0306 0.4925
vn 0.8574 0.1553 0.4907
vn 0.8039 0.1139 0.5838
vn 0.7684 -0.1847 0.6127
vn 0.7848 0.4310 0.4452
vn 0.6937 0.6403 0.3298
vn 0.7003 0.5726 0.4263
vn 0.7535 0.3816 0.5353
vn 0.6685 0.4505 0.5917
vn 0.5757 0.6644 0.4765
vn 0.5940 0.7530 0.2832
vn 0.6107 0.3625 0.7041
vn 0.5339 0.5564 0.6367
vn 0.6978 -0.2972 0.6517
vn 0.3683 0.7607 0.5344
vn 0.2247 0.7956 0.5626
vn 0.7113 0.2539 0.6554
vn 0.3462 0.8517 0.3933
vn 0.3143 0.9286 0.1972
vn 0.0747 0.9837 0.1637
vn 0.1015 0.8982 0.4277
vn 0.4710 0.8033 0.3644
vn 0.4707 0.8506 0.2346
vn 0.6103 0.7847 0.1084
vn 0.5566 0.8301 -0.0341
vn 0.5255 0.8493 -0.0502
vn 0.5603 0.8253 0.0707
vn 0.2644 0.9637 -0.0367
vn 0.2350 0.9605 -0.1494
vn 0.0130 0.9796 -0.2005
vn 0.0354 0.9959 -0.0838
vn -0.0195 0.7374 0.6752
vn -0.0633 0.5547 0.8296
vn -0.1167 0.7056 0.6990
vn -0.0600 0.8230 0.5649
vn -0.0663 0.8743 0.4809
vn 0.0012 0.9437 0.3307
vn 0.0404 0.4654 0.8842
vn 0.1758 0.4350 0.8831
vn 0.2101 0.4570 0.8643
vn -0.1158 0.5926 0.7972
vn 0.6028 0.6560 0.4541
vn 0.5901 0.7866 0.1818
vn 0.3658 0.8385 0.4039
vn 0.3705 0.7898 0.4889
vn 0.4440 0.8959 0.0153
vn 0.4239 0.9008 -0.0943
vn -0.2582 0.8191 0.5123
vn 0.0514 0.6279 0.7766
vn -0.0032 0.7144 0.6997
vn 0.1435 0.3563 0.9233
vn 0.0785 0.4257 0.9015
vn 0.4227 0.9056 0.0358
vn 0.3542 0.9298 0.1002
vn -0.2436 0.8734 0.4217
vn 0.0423 0.8243 0.5645
vn -0.1019 0.8213 0.5614
vn -0.8011 0.5504 0.2352
vn -0.7585 0.4562 0.4653
vn -0.7535 0.5268 0.3933
vn -0.7639 0.5821 0.2786
vn -0.7804 0.5160 0.3531
vn 0.1551 0.1911 0.9692
vn -0.5926 -0.6577 0.4650
vn -0.6848 -0.4859 0.5430
vn -0.7671 -0.5535 0.3245
vn -0.6484 -0.7378 0.1877
vn -0.7804 -0.6160 0.1077
vn -0.8592 -0.4576 0.2291
vn -0.8276 -0.3578 0.4326
vn -0.6495 -0.7338 -0.1992
vn -0.7223 -0.6265 -0.2928
vn -0.6283 -0.6254 -0.4626
vn -0.5156 -0.7091 -0.4810
vn -0.8676 -0.4892 -0.0891
vn -0.7809 -0.6237 -0.0338
vn -0.7956 -0.4761 -0.3746
vn -0.8030 -0.5818 0.1291
vn -0.8864 -0.4466 0.1217
vn -0.8940 -0.4327 -0.1164
vn -0.8115 -0.5755 -0.1014
vn -0.7001 -0.7075 -0.0964
vn -0.6934 -0.7077 0.1355
vn -0.6776 -0.6665 -0.3109
vn -0.7723 -0.4990 -0.3930
vn -0.7010 -0.4386 -0.5623
vn -0.6257 -0.6030 -0.4949
vn -0.8491 -0.4147 -0.3271
vn -0.7970 -0.5549 -0.2385
vn -0.8193 -0.3284 -0.4700
vn -0.8651 -0.1774 0.4692
vn -0.8815 -0.0503 0.4695
vn -0.9765 -0.0373 0.2123
vn -0.9569 -0.1713 0.2347
vn -0.7828 -0.1874 0.5934
vn -0.7949 -0.0652 0.6033
vn -0.9792 -0.1935 -0.0602
vn -0.9960 0.0212 -0.0868
vn -0.9385 0.0932 -0.3324
vn -0.9049 -0.2260 -0.3607
vn -0.5568 -0.8193 0.1368
vn -0.5623 -0.8216 -0.0940
vn -0.5288 -0.8466 -0.0600
vn -0.4929 -0.8513 0.1801
vn -0.5469 -0.5320 -0.6465
vn -0.5521 -0.6236 -0.5535
vn -0.5748 -0.7365 -0.3567
vn -0.9193 0.2651 -0.2908
vn -0.8973 0.2477 -0.3655
vn -0.5488 -0.8056 -0.2233
vn -0.5521 -0.7938 -0.2552
vn -0.6496 -0.3457 -0.6771
vn -0.7379 0.0712 -0.6712
vn -0.6092 0.0586 -0.7908
vn -0.5588 -0.3178 -0.7660
vn -0.8462 0.0699 -0.5283
vn -0.7974 -0.2606 -0.5443
vn -0.4522 -0.4386 -0.7766
vn -0.2344 -0.4764 -0.8474
vn -0.3326 -0.5700 -0.7513
vn -0.4447 -0.5638 -0.6959
vn -0.3443 -0.3566 -0.8685
vn -0.2168 -0.3872 -0.8962
vn -0.6708 0.3063 -0.6755
vn -0.5722 0.3106 -0.7590
vn -0.8259 0.2410 -0.5097
vn -0.2994 -0.8599 0.4135
vn -0.3653 -0.9102 0.1951
vn -0.1261 -0.9695 0.2103
vn -0.1084 -0.8877 0.4474
vn -0.3841 -0.9046 -0.1849
vn -0.3639 -0.8181 -0.4454
vn -0.2339 -0.8669 -0.4402
vn -0.1751 -0.9711 -0.1623
vn 0.1662 -0.8819 0.4412
vn 0.1533 -0.9615 0.2281
vn 0.3848 -0.8898 0.2453
vn 0.3397 -0.8462 0.4105
vn 0.1125 -0.9890 -0.0963
vn 0.0483 -0.9092 -0.4135
vn 0.3207 -0.8982 -0.3007
vn 0.3987 -0.9157 -0.0508
vn -0.4039 -0.7439 0.5324
vn -0.4967 -0.8457 0.1955
vn -0.1122 -0.8092 0.5767
vn -0.4903 -0.8426 -0.2226
vn -0.4177 -0.7480 -0.5158
vn -0.2732 -0.7904 -0.5483
vn 0.5100 -0.8269 0.2369
vn 0.4425 -0.7493 0.4926
vn 0.1586 -0.8189 0.5516
vn 0.4234 -0.8221 -0.3807
vn 0.5482 -0.8357 -0.0341
vn 0.0003 -0.8409 -0.5413
vn -0.2725 -0.7230 -0.6348
vn -0.3170 -0.6581 -0.6829
vn -0.2147 -0.5531 -0.8050
vn -0.2210 -0.6813 -0.6979
vn -0.4230 -0.6347 -0.6466
vn -0.3895 -0.7027 -0.5954
vn -0.3778 -0.5810 -0.7209
vn 0.2314 -0.6354 -0.7367
vn 0.3965 -0.4536 -0.7982
vn 0.5125 -0.5218 -0.6819
vn 0.3725 -0.6965 -0.6133
vn 0.0496 -0.5315 -0.8456
vn -0.0044 -0.6838 -0.7296
vn 0.0087 -0.7872 -0.6166
vn -0.3878 0.0645 -0.9195
vn -0.1387 0.0761 -0.9874
vn -0.2043 -0.3245 -0.9235
vn -0.4187 -0.3340 -0.8445
vn -0.4947 0.4279 -0.7565
vn -0.4879 0.4099 -0.7706
vn -0.3550 0.5193 -0.7773
vn -0.3653 0.3800 -0.8498
vn -0.2296 0.5313 -0.8155
vn -0.1431 0.3571 -0.9231
vn 0.1972 -0.0410 -0.9795
vn 0.2776 -0.0401 -0.9599
vn 0.3543 -0.2447 -0.9026
vn 0.1143 -0.2332 -0.9657
vn -0.4375 -0.3730 -0.8182
vn -0.5273 -0.1976 -0.8264
vn -0.3834 -0.1322 -0.9141
vn -0.3114 -0.2955 -0.9032
vn -0.6866 -0.1290 -0.7155
vn -0.6650 -0.3403 -0.6648
vn -0.5467 -0.0475 -0.8360
vn -0.8206 -0.0700 -0.5672
vn -0.7938 -0.1906 -0.5775
vn -0.7446 -0.3212 -0.5852
vn -0.7976 -0.2097 -0.5656
vn 0.0006 -0.0127 -0.9999
vn 0.0919 0.0095 -0.9957
vn 0.0522 -0.0811 -0.9953
vn -0.0432 -0.1144 -0.9925
vn -0.3976 -0.6904 -0.6043
vn -0.4575 -0.6901 -0.5608
vn -0.5149 -0.5169 -0.6839
vn -0.3890 -0.6705 -0.6318
vn -0.5212 -0.6938 -0.4970
vn -0.5940 -0.5664 -0.5713
vn -0.6803 -0.4592 -0.5713
vn 0.0648 0.2112 -0.9753
vn 0.0562 0.1380 -0.9888
vn -0.8127 -0.0508 -0.5805
vn -0.5006 -0.5792 0.6434
vn -0.4601 -0.6786 -0.5725
vn -0.4633 -0.5583 -0.6882
vn -0.4511 0.2744 -0.8492
vn -0.0201 -0.3828 -0.9236
vn -0.1089 -0.4637 -0.8793
vn -0.7057 -0.4717 -0.5287
vn -0.5623 -0.5734 -0.5958
vn -0.6254 -0.3737 -0.6850
vn -0.9708 -0.2144 0.1076
vn -0.9955 0.0182 0.0930
vn -0.9885 0.0301 -0.1481
vn -0.9710 -0.1982 -0.1336
vn -0.9681 0.2365 0.0824
vn -0.8957 0.4366 0.0843
vn -0.8820 0.4406 -0.1672
vn -0.9588 0.2387 -0.1542
vn -0.9188 -0.1822 -0.3503
vn -0.9319 0.0384 -0.3608
vn -0.8636 0.0396 -0.5027
vn -0.8503 -0.1751 -0.4964
vn -0.8018 0.0364 -0.5965
vn -0.7836 -0.1809 -0.5943
vn -0.9027 0.2336 -0.3614
vn -0.8545 0.3740 -0.3605
vn -0.8209 0.3390 -0.4595
vn -0.8464 0.2292 -0.4807
vn -0.7259 0.4198 -0.5448
vn -0.7862 0.2323 -0.5727
vn -0.8017 0.4773 -0.3597
vn -0.8179 0.5187 -0.2489
vn -0.7179 0.6879 0.1071
vn -0.5918 0.7978 0.1156
vn -0.6016 0.7909 -0.1126
vn -0.7316 0.6676 -0.1376
vn -0.8299 0.5499 -0.0937
vn -0.8243 0.5580 0.0956
vn -0.2231 0.9652 0.1362
vn -0.2267 0.9692 -0.0963
vn -0.4653 0.8790 -0.1047
vn -0.4537 0.8816 0.1304
vn -0.5572 0.7317 -0.3926
vn -0.4700 0.8236 -0.3173
vn -0.3995 0.7872 -0.4697
vn -0.5012 0.6582 -0.5617
vn -0.2407 0.8270 -0.5081
vn -0.2453 0.7424 -0.6234
vn -0.2333 0.9175 -0.3221
vn -0.5919 0.7681 -0.2444
vn -0.6890 0.6392 -0.3418
vn -0.6583 0.5627 -0.5000
vn -0.5176 -0.2015 -0.8315
vn -0.5541 0.0234 -0.8321
vn -0.4190 0.0111 -0.9079
vn -0.3879 -0.2094 -0.8976
vn -0.2359 0.0069 -0.9717
vn -0.2269 -0.2266 -0.9472
vn -0.3680 0.3304 -0.8691
vn -0.2683 0.4629 -0.8448
vn -0.1909 0.3784 -0.9058
vn -0.2635 0.2403 -0.9343
vn -0.4815 0.4452 -0.7549
vn -0.5141 0.2504 -0.8204
vn -0.4100 0.1756 -0.8950
vn -0.6937 0.0325 -0.7196
vn -0.6749 -0.1916 -0.7126
vn -0.6459 0.3722 -0.6665
vn -0.6766 0.2333 -0.6985
vn 0.1528 0.9854 0.0751
vn 0.2129 0.9692 -0.1239
vn 0.0100 0.9955 -0.0937
vn 0.0115 0.9902 0.1395
vn 0.0098 0.8514 -0.5244
vn 0.2372 0.8343 -0.4976
vn 0.2367 0.7520 -0.6153
vn 0.0035 0.7670 -0.6416
vn 0.2387 0.9176 -0.3180
vn 0.0118 0.9474 -0.3197
vn 0.4942 0.4659 -0.7339
vn 0.4147 0.5056 -0.7566
vn 0.5190 0.6931 -0.5003
vn 0.7202 0.5580 -0.4123
vn 0.3312 0.5411 -0.7730
vn 0.1190 0.8356 -0.5364
vn 0.4529 0.6868 -0.5685
vn 0.3725 0.8051 -0.4616
vn 0.4378 0.8424 -0.3141
vn 0.5141 0.7604 -0.3969
vn 0.5459 0.8016 -0.2438
vn 0.5890 0.7368 -0.3319
vn 0.5414 0.6460 -0.5380
vn 0.2193 0.9737 -0.0625
vn 0.4039 0.8957 -0.1862
vn 0.5475 0.8097 -0.2112
vn 0.6653 0.7173 -0.2067
vn 0.0602 0.9518 -0.3006
vn 0.4145 0.8782 -0.2386
vn -0.3192 0.9173 -0.2380
vn -0.3581 0.8910 -0.2792
vn 0.0054 0.0041 -1.0000
vn 0.1653 0.0091 -0.9862
vn 0.1226 -0.1962 -0.9729
vn 0.0076 -0.2315 -0.9728
vn 0.0017 0.3929 -0.9196
vn 0.2306 0.3694 -0.9002
vn 0.2400 0.2187 -0.9458
vn 0.0031 0.2173 -0.9761
vn 0.2390 0.4851 -0.8412
vn -0.0032 0.5165 -0.8563
vn -0.5869 0.6903 -0.4232
vn -0.4648 0.7532 -0.4655
vn -0.5489 0.6339 -0.5449
vn -0.6400 0.5640 -0.5218
vn -0.4466 0.8526 -0.2714
vn -0.5913 0.7158 -0.3714
vn -0.5402 0.1700 -0.8242
vn -0.5096 0.3256 -0.7964
vn -0.3605 0.3027 -0.8823
vn -0.3977 0.0731 -0.9146
vn -0.6693 0.3335 -0.6639
vn -0.6880 0.1023 -0.7184
vn -0.5489 0.0108 -0.8358
vn -0.8318 0.1951 -0.5196
vn -0.7492 0.3421 -0.5671
vn -0.7999 0.1722 -0.5748
vn -0.8272 0.0902 -0.5546
vn 0.3394 0.3562 -0.8706
vn 0.3535 0.2701 -0.8956
vn 0.3924 0.4809 -0.7841
vn -0.3880 0.6962 -0.6039
vn -0.4505 0.5413 -0.7099
vn -0.6220 0.4934 -0.6080
vn -0.3347 0.4298 -0.8386
vn 0.3911 0.1116 -0.9136
vn -0.8123 0.0381 -0.5821
vn -0.6001 0.4955 -0.6280
vn 0.5103 0.5547 -0.6572
vn 0.4803 0.5831 -0.6553
vn 0.4990 0.5583 -0.6628
vn -0.2427 0.6379 -0.7309
vn -0.4268 0.5908 -0.6847
vn 0.2400 0.6384 -0.7313
vn -0.0031 0.6600 -0.7512
vn 0.3968 0.5926 -0.7010
vn -0.3983 0.9104 -0.1121
vn -0.3661 0.9257 -0.0952
vn -0.3543 0.9145 -0.1954
vn 0.0335 -0.8639 0.5025
vn 0.0491 -0.9750 0.2168
vn 0.4113 -0.8911 0.1919
vn 0.3195 -0.8276 0.4615
vn -0.2627 -0.8433 0.4688
vn -0.3139 -0.9252 0.2134
vn -0.6120 -0.5395 0.5783
vn -0.6681 -0.2659 0.6950
vn -0.7642 -0.4291 0.4816
vn -0.6582 -0.6742 0.3350
vn -0.3766 -0.6377 0.6719
vn -0.4901 -0.3373 0.8038
vn -0.4787 -0.7809 0.4012
vn -0.6120 0.0511 0.7892
vn -0.3744 0.2234 0.9000
vn -0.2701 0.2650 0.9257
vn -0.4984 0.1390 0.8557
vn 0.0585 -0.4650 0.8834
vn 0.3172 -0.4181 0.8512
vn 0.4145 -0.1281 0.9010
vn 0.0451 -0.1789 0.9828
vn 0.0606 0.2049 0.9769
vn 0.4154 0.1872 0.8902
vn 0.3258 0.4278 0.8431
vn 0.1081 0.4387 0.8921
vn -0.2517 -0.4418 0.8611
vn -0.3151 -0.1864 0.9306
vn -0.2915 0.1995 0.9356
vn -0.1589 0.3958 0.9045
vn -0.5054 -0.0998 0.8571
vn 0.4815 -0.6039 0.6352
vn 0.6056 -0.1885 0.7731
vn 0.0218 -0.6884 0.7250
vn -0.4877 0.0404 0.8721
vn 0.5941 0.2633 0.7601
vn 0.4383 0.4635 0.7701
vn 0.1042 0.4891 0.8660
vn -0.4822 -0.8743 -0.0563
vn -0.4240 -0.8690 -0.2550
vn -0.2030 -0.9124 -0.3553
vn -0.2673 -0.9566 -0.1159
vn 0.0953 -0.9814 -0.1666
vn 0.1219 -0.9020 -0.4142
vn 0.3610 -0.8407 -0.4036
vn 0.4198 -0.8936 -0.1587
vn 0.7432 -0.3174 0.5890
vn 0.7184 -0.2039 0.6650
vn 0.7244 -0.1746 0.6669
vn 0.1798 -0.4980 0.8484
vn 0.1565 -0.5025 0.8503
vn 0.0970 -0.4911 0.8657
vn 0.0923 -0.4482 0.8892
vn 0.2651 -0.5674 -0.7796
vn 0.5507 -0.4971 -0.6705
vn 0.4764 -0.5870 -0.6546
vn 0.2198 -0.7050 -0.6743
vn -0.0064 -0.9923 -0.1233
vn 0.0860 -0.9798 -0.1804
vn 0.1127 -0.9830 -0.1449
vn 0.1531 -0.5666 -0.8097
vn -0.0340 -0.7419 -0.6696
vn 0.8022 -0.2794 0.5276
vn 0.7911 -0.1578 0.5910
vn 0.0799 -0.5818 -0.8094
vn -0.3788 -0.8446 -0.3784
vn -0.2945 -0.8019 -0.5198
vn -0.1797 -0.8592 -0.4791
vn 0.6905 -0.4287 -0.5826
vn 0.5455 -0.6643 -0.5111
vn 0.1864 -0.8161 -0.5469
vn 0.8216 -0.5523 0.1411
vn 0.9634 -0.1745 0.2034
vn 0.8142 -0.1510 0.5606
vn 0.7448 -0.4687 0.4749
vn 0.9468 0.1484 0.2855
vn 0.8077 0.3829 0.4484
vn 0.7201 0.4049 0.5635
vn 0.7870 0.1955 0.5852
vn 0.3108 -0.7375 0.5995
vn 0.3486 -0.7404 0.5747
vn 0.4260 -0.6040 0.6736
vn 0.3094 -0.6277 0.7143
vn 0.2267 -0.5552 0.8002
vn 0.3287 -0.5162 0.7909
vn 0.7569 -0.4931 -0.4290
vn 0.8093 -0.4099 -0.4207
vn 0.9381 -0.2977 -0.1770
vn 0.8174 -0.5518 -0.1656
vn 0.3198 -0.8501 0.4185
vn 0.3208 -0.9026 0.2870
vn 0.4183 -0.8818 0.2178
vn 0.4213 -0.7877 0.4495
vn 0.2541 -0.9664 -0.0377
vn 0.2323 -0.9480 -0.2176
vn 0.3180 -0.9370 -0.1449
vn 0.3338 -0.9425 -0.0178
vn 0.5943 -0.7766 0.2091
vn 0.7217 -0.6586 0.2130
vn 0.6617 -0.6016 0.4475
vn 0.5594 -0.7432 0.3671
vn 0.8265 -0.5192 0.2176
vn 0.7995 -0.4809 0.3598
vn 0.5903 -0.7695 -0.2438
vn 0.7130 -0.6570 -0.2451
vn 0.7345 -0.6784 -0.0151
vn 0.6115 -0.7911 -0.0145
vn 0.8095 -0.5376 -0.2360
vn 0.8370 -0.5472 -0.0085
vn 0.4960 -0.6881 0.5296
vn 0.4546 -0.8906 -0.0143
vn 0.4186 -0.8745 -0.2450
vn 0.3175 -0.9334 0.1672
vn 0.3347 -0.9321 0.1383
vn -0.6362 0.7534 -0.1662
vn 0.3032 -0.8977 -0.3197
vn 0.6158 -0.7593 0.2105
vn 0.6143 -0.7579 -0.2196
vn 0.7314 -0.3560 -0.5817
vn -0.5045 -0.8448 0.1782
vn 0.9974 0.0502 0.0524
vn 0.5888 -0.5343 0.6066
vn -0.6010 -0.7990 0.0187
vn 0.1663 -0.6152 0.7706
vn 0.1519 -0.6949 0.7029
vn -0.5586 0.1738 0.8110
vn -0.5680 0.2310 0.7899
vn -0.6862 0.1938 0.7011
vn -0.6894 0.2782 0.6688
vn -0.3652 0.1201 0.9232
vn -0.3305 0.1893 0.9246
vn -0.5670 0.2196 0.7939
vn -0.5508 0.2122 0.8072
vn -0.6405 0.3358 0.6907
vn -0.6447 0.2081 0.7356
vn -0.3869 0.2146 0.8968
vn -0.4583 0.2995 0.8368
vn -0.5237 0.3905 0.7571
vn 0.1992 -0.2291 0.9528
vn 0.0666 -0.2783 0.9582
vn -0.0042 -0.1267 0.9919
vn -0.0308 -0.0385 0.9988
vn -0.2302 0.1388 0.9632
vn -0.0437 0.0836 0.9955
vn -0.0414 0.3111 0.9495
vn -0.2689 0.3092 0.9122
vn -0.0795 -0.0271 0.9965
vn 0.1851 -0.1538 0.9706
vn -0.0893 0.2127 0.9730
vn -0.1555 0.1619 0.9745
vn 0.3477 -0.2428 0.9056
vn 0.0363 -0.0424 0.9984
vn 0.0461 -0.0357 0.9983
vn 0.2427 -0.2292 0.9426
vn -0.2702 0.6140 0.7416
vn -0.0394 0.6423 0.7654
vn -0.0417 0.7533 0.6563
vn -0.2677 0.7293 0.6296
vn -0.0401 0.5280 0.8483
vn -0.2694 0.4967 0.8250
vn -0.4756 0.5586 0.6795
vn -0.4152 0.6884 0.5948
vn -0.3988 0.4594 0.7937
vn -0.6655 0.5811 0.4685
vn -0.5978 0.7021 0.3870
vn -0.6261 0.7472 0.2228
vn -0.7234 0.6417 0.2548
vn -0.5491 0.6386 0.5391
vn -0.4801 0.7505 0.4542
vn -0.4836 0.8437 0.2330
vn -0.5251 0.8510 -0.0126
vn -0.4624 0.8508 -0.2497
vn -0.5286 0.8018 -0.2789
vn -0.6429 0.7655 0.0260
vn -0.0355 0.9191 0.3924
vn -0.0423 0.9775 0.2066
vn -0.2778 0.9341 0.2243
vn -0.2177 0.9038 0.3684
vn -0.0484 0.9988 -0.0125
vn -0.0461 0.9692 -0.2420
vn -0.2668 0.9307 -0.2503
vn -0.2573 0.9662 -0.0139
vn -0.2901 0.8416 0.4555
vn -0.3744 0.8674 0.3280
vn -0.3910 0.9038 -0.1740
vn -0.4093 0.9123 -0.0119
vn -0.7330 0.6650 0.1430
vn -0.0392 0.8573 0.5133
vn -0.4013 0.9022 0.1579
vn -0.3503 0.8708 -0.3451
vn 0.1830 -0.3678 0.9117
vn 0.4162 -0.3633 0.8335
vn 0.4308 -0.1296 0.8931
vn 0.1644 -0.1355 0.9770
vn 0.1788 0.0863 0.9801
vn 0.4501 0.1013 0.8872
vn 0.4559 0.3201 0.8305
vn 0.1988 0.3118 0.9291
vn 0.6767 -0.3371 0.6545
vn 0.7411 -0.0853 0.6660
vn 0.6079 -0.1043 0.7872
vn 0.5719 -0.2660 0.7760
vn 0.8111 -0.2199 0.5420
vn 0.8440 -0.0583 0.5332
vn 0.7736 0.1633 0.6123
vn 0.7406 0.3441 0.5772
vn 0.6224 0.2619 0.7376
vn 0.6276 0.1215 0.7690
vn 0.5016 -0.4393 0.7453
vn 0.5936 0.3957 0.7007
vn 0.8570 0.1301 0.4986
vn 0.0565 -0.0238 0.9981
vn 0.0463 -0.0306 0.9985
vn 0.2197 0.6275 0.7470
vn 0.5151 0.5565 0.6519
vn 0.4384 0.6862 0.5804
vn 0.2237 0.7355 0.6396
vn 0.3990 0.4777 0.7827
vn 0.2108 0.5171 0.8295
vn 0.9282 -0.2961 0.2252
vn 0.9732 -0.0108 0.2299
vn 0.9139 -0.0243 0.4052
vn 0.8520 -0.3015 0.4280
vn 0.9507 0.2111 0.2271
vn 0.9032 0.3611 0.2321
vn 0.8866 0.3277 0.3264
vn 0.8982 0.2104 0.3860
vn 0.8546 0.2692 0.4441
vn 0.8471 0.3692 0.3823
vn 0.8643 0.4167 0.2818
vn 0.9167 -0.3346 -0.2187
vn 0.9804 -0.0687 -0.1844
vn 0.9987 -0.0285 0.0414
vn 0.9507 -0.3099 0.0114
vn 0.9759 0.1648 -0.1429
vn 0.9303 0.3469 -0.1191
vn 0.9313 0.3527 0.0905
vn 0.9775 0.1972 0.0745
vn 0.3787 0.8603 0.3413
vn 0.4108 0.8862 0.2143
vn 0.2126 0.9536 0.2130
vn 0.2182 0.9008 0.3755
vn 0.4227 0.9063 0.0035
vn 0.3808 0.8967 -0.2258
vn 0.1976 0.9504 -0.2403
vn 0.2056 0.9786 -0.0078
vn 0.8389 0.4907 0.2353
vn 0.7254 0.6506 0.2246
vn 0.6930 0.6304 0.3498
vn 0.7583 0.5211 0.3917
vn 0.8128 0.5636 -0.1472
vn 0.6898 0.7010 -0.1808
vn 0.7272 0.6847 0.0484
vn 0.8405 0.5371 0.0715
vn 0.8864 0.4552 0.0842
vn 0.8739 0.4706 -0.1220
vn 0.6241 0.6104 0.4876
vn 0.5040 0.7518 0.4252
vn 0.5621 0.7968 0.2217
vn 0.5171 0.8300 -0.2088
vn 0.5681 0.8227 0.0214
vn 0.8799 0.4324 0.1971
vn 0.2223 0.8433 0.4893
vn 0.7579 -0.4067 0.5101
vn -0.6020 0.5091 0.6152
vn 0.6953 0.4814 0.5336
vn -0.7180 0.4287 0.5484
vn 0.3622 -0.9193 -0.1538
vn 0.6215 -0.7560 -0.2054
vn 0.4989 -0.8292 0.2520
vn 0.3488 -0.9217 0.1695
vn 0.3957 -0.8632 0.3135
vn 0.3949 -0.7592 0.5174
vn 0.6346 -0.7461 -0.2014
vn 0.2931 -0.8607 -0.4163
vn 0.4963 -0.8521 0.1661
vn 0.6863 -0.6623 -0.3005
vn 0.7634 -0.5844 -0.2752
vn 0.7540 -0.6263 -0.1982
vn 0.7057 -0.7065 -0.0538
vn 0.7415 -0.6217 -0.2523
vn 0.6928 -0.6478 -0.3168
vn 0.2234 -0.9601 0.1681
vn 0.2236 -0.9747 -0.0048
vn 0.3363 -0.9418 0.0024
vn 0.3032 -0.9449 0.1235
vn 0.8210 -0.5577 -0.1223
vn 0.8438 -0.4981 0.1998
vn 0.1268 -0.9900 0.0625
vn 0.0960 -0.9940 -0.0531
vn 0.7406 -0.5750 -0.3476
vn 0.4735 -0.7776 0.4136
vn 0.5573 -0.6669 0.4946
vn 0.5149 -0.6370 0.5736
vn 0.4275 -0.7336 0.5283
vn 0.4163 -0.7173 0.5588
vn 0.4083 -0.6461 0.6449
vn 0.3572 -0.8466 0.3945
vn 0.3066 -0.9222 0.2355
vn 0.4387 -0.8746 0.2063
vn -0.1236 -0.9219 -0.3671
vn -0.1621 -0.8418 -0.5148
vn 0.0292 -0.8625 -0.5052
vn 0.0393 -0.9424 -0.3322
vn -0.1846 -0.5486 -0.8154
vn 0.1046 -0.4984 -0.8606
vn 0.0467 -0.6972 -0.7153
vn -0.1969 -0.7095 -0.6766
vn 0.0012 -0.4010 -0.9161
vn 0.0994 -0.3737 -0.9222
vn -0.0616 -0.1398 -0.9883
vn 0.1971 -0.1364 -0.9709
vn 0.1853 -0.2629 -0.9469
vn -0.0641 -0.3209 -0.9449
vn 0.3726 -0.5840 -0.7212
vn 0.4852 -0.5303 -0.6952
vn 0.4704 -0.7132 -0.5196
vn 0.2664 -0.7785 -0.5682
vn 0.2284 -0.9197 -0.3194
vn 0.4693 -0.8364 -0.2832
vn 0.2858 -0.2077 -0.9355
vn 0.3009 -0.1353 -0.9440
vn 0.3625 -0.1388 -0.9216
vn 0.3241 -0.2588 -0.9099
vn 0.4440 -0.1382 -0.8853
vn 0.4562 -0.2610 -0.8507
vn 0.3122 -0.4672 -0.8272
vn 0.2258 -0.6393 -0.7350
vn 0.2351 -0.3152 -0.9194
vn 0.4275 -0.3778 -0.8213
vn -0.2572 -0.4425 -0.8591
vn 0.5177 -0.3196 -0.7936
vn 0.3991 -0.7157 -0.5731
vn 0.5029 -0.5787 -0.6420
vn 0.4970 -0.6713 -0.5498
vn 0.4297 -0.7735 -0.4659
vn 0.3011 -0.8671 -0.3969
vn 0.3334 -0.7620 -0.5552
vn 0.6394 -0.7689 -0.0066
vn 0.7545 -0.6562 -0.0070
vn 0.7400 -0.6359 0.2194
vn 0.6163 -0.7568 0.2176
vn 0.8440 -0.5364 -0.0031
vn 0.8299 -0.5114 0.2231
vn 0.9328 -0.3604 -0.0091
vn 0.9911 -0.1329 -0.0108
vn 0.9659 -0.1358 0.2202
vn 0.9053 -0.3579 0.2287
vn 0.6437 -0.6010 -0.4738
vn 0.5535 -0.7322 -0.3968
vn 0.5702 -0.5327 -0.6254
vn 0.6930 -0.5868 0.4188
vn 0.5913 -0.7289 0.3452
vn 0.8048 -0.4779 0.3520
vn 0.9284 -0.1656 0.3327
vn 0.8565 -0.3691 0.3607
vn 0.7527 -0.4812 0.4494
vn 0.6769 -0.5017 0.5387
vn 0.6341 -0.5624 0.5306
vn 0.5899 -0.6672 -0.4549
vn 0.6146 -0.4963 -0.6132
vn 0.7406 -0.5935 -0.3152
vn 0.6254 -0.7332 -0.2671
vn 0.7877 -0.2854 -0.5460
vn 0.7956 -0.1347 -0.5906
vn 0.9420 -0.1361 -0.3069
vn 0.8804 -0.3649 -0.3028
vn 0.6302 -0.1362 -0.7644
vn 0.6683 -0.3356 -0.6639
vn 0.7748 -0.4377 -0.4561
vn 0.5262 -0.2273 -0.8194
vn 0.5361 -0.1359 -0.8331
vn 0.8291 -0.5081 -0.2333
vn 0.4657 -0.8849 -0.0101
vn 0.6242 -0.6138 -0.4834
vn 0.6984 -0.6115 -0.3719
vn 0.7002 -0.6843 -0.2037
vn 0.2132 -0.9604 -0.1791
vn 0.3504 -0.9257 -0.1423
vn -0.0891 -0.9361 -0.3402
vn 0.9280 -0.3719 0.0239
vn 0.8831 -0.3318 0.3317
vn 0.2674 -0.9111 0.3138
vn 0.7622 -0.4237 0.4894
vn 0.7638 -0.4267 0.4843
vn 0.5984 -0.3497 -0.7209
vn 0.5868 -0.3286 -0.7401
vn 0.6230 -0.3014 -0.7218
vn -0.2364 -0.8562 -0.4595
vn -0.5089 0.6534 -0.5604
vn -0.4424 0.7576 -0.4800
vn -0.3599 0.7057 -0.6103
vn -0.2408 0.6681 -0.7040
vn -0.5311 0.7068 -0.4673
vn -0.5385 0.6413 -0.5466
vn -0.5278 0.6472 -0.5500
vn -0.0482 0.9846 0.1683
vn 0.0039 0.9993 -0.0359
vn -0.2129 0.9753 -0.0584
vn -0.1452 0.9811 0.1279
vn -0.2259 0.7205 -0.6556
vn -0.0474 0.7319 -0.6797
vn -0.0532 0.6098 -0.7908
vn -0.1880 0.6317 -0.7521
vn -0.0423 0.8487 -0.5271
vn -0.2645 0.8405 -0.4729
vn 0.3772 0.9247 0.0523
vn 0.3832 0.9233 -0.0236
vn 0.2290 0.9731 -0.0260
vn 0.2159 0.9731 0.0809
vn -0.1024 0.9607 0.2580
vn -0.0308 0.5505 -0.8343
vn -0.1602 0.6049 -0.7800
vn -0.1974 0.8988 -0.3915
vn -0.0412 0.9104 -0.4117
vn -0.0743 0.6469 -0.7589
vn -0.1255 0.2590 -0.9577
vn 0.1437 0.1849 -0.9722
vn 0.1847 -0.0054 -0.9828
vn -0.0791 0.0401 -0.9961
vn -0.2256 0.7313 -0.6437
vn 0.0142 0.7353 -0.6776
vn 0.0365 0.5546 -0.8313
vn -0.2083 0.5734 -0.7924
vn 0.0789 0.3760 -0.9232
vn -0.1710 0.4251 -0.8889
vn 0.4436 0.8592 -0.2548
vn 0.4595 0.7337 -0.5005
vn 0.2401 0.8438 -0.4800
vn 0.3174 0.8861 -0.3378
vn 0.3135 -0.0200 -0.9494
vn 0.2978 0.1384 -0.9446
vn 0.3629 0.1315 -0.9225
vn 0.3707 -0.0205 -0.9285
vn 0.4532 0.1372 -0.8808
vn 0.4465 -0.0202 -0.8946
vn 0.2426 0.6991 -0.6726
vn 0.3843 0.6526 -0.6530
vn 0.4682 0.4178 -0.7787
vn 0.2769 0.4480 -0.8501
vn 0.2385 0.2932 -0.9258
vn -0.0003 0.8592 -0.5116
vn -0.2469 0.8529 -0.4600
vn 0.5367 0.5855 -0.6076
vn -0.0051 0.9714 -0.2375
vn -0.0068 0.9275 -0.3739
vn -0.1561 0.9200 -0.3594
vn -0.2329 0.9407 -0.2466
vn 0.2233 0.9453 -0.2379
vn 0.1477 0.9181 -0.3679
vn 0.9974 0.0677 -0.0245
vn 0.9711 0.2129 -0.1076
vn 0.9881 0.1495 -0.0357
vn 0.9900 0.0250 0.1391
vn 0.8288 0.4858 -0.2778
vn 0.6722 0.6767 -0.3004
vn 0.7092 0.6720 -0.2133
vn 0.9126 0.3699 -0.1744
vn 0.5305 0.8186 -0.2201
vn 0.6875 0.6401 -0.3429
vn 0.4453 0.8774 -0.1784
vn 0.7609 -0.2634 -0.5930
vn 0.7901 -0.1226 -0.6006
vn 0.8951 -0.1020 -0.4341
vn 0.8197 -0.3480 -0.4550
vn 0.6714 -0.1358 -0.7286
vn 0.6320 -0.3527 -0.6901
vn 0.7138 -0.4388 -0.5458
vn 0.8041 0.0983 -0.5862
vn 0.7951 0.2409 -0.5566
vn 0.8601 0.3306 -0.3885
vn 0.9036 0.1295 -0.4082
vn 0.6614 0.3145 -0.6809
vn 0.6838 0.0863 -0.7245
vn 0.7742 0.3952 -0.4943
vn 0.5473 -0.1155 -0.8289
vn 0.5616 -0.1388 -0.8157
vn 0.5434 -0.2686 -0.7953
vn 0.5289 -0.2906 -0.7973
vn 0.4378 0.3380 -0.8331
vn 0.5430 0.2313 -0.8072
vn 0.5621 0.0800 -0.8232
vn 0.5425 0.1335 -0.8294
vn 0.5255 -0.3997 -0.7510
vn 0.4861 0.3817 -0.7861
vn 0.4452 0.5608 -0.6981
vn 0.3707 0.6894 -0.6224
vn 0.4451 0.7705 -0.4562
vn 0.5447 0.6430 -0.5384
vn 0.1830 0.7238 -0.6652
vn 0.1844 0.5988 -0.7793
vn 0.1839 0.8414 -0.5081
vn 0.6266 0.6797 -0.3813
vn 0.7158 0.5535 -0.4257
vn 0.6090 0.5018 -0.6142
vn 0.3365 0.4636 -0.8197
vn 0.1922 0.5057 -0.8410
vn 0.1877 0.8988 -0.3962
vn 0.3352 0.8693 -0.3634
vn 0.8065 0.0455 -0.5895
vn 0.8133 0.2605 -0.5202
vn 0.9057 0.2980 -0.3015
vn 0.9533 0.0807 -0.2911
vn 0.7057 0.2612 -0.6586
vn 0.6540 0.0146 -0.7563
vn 0.6792 0.5051 -0.5324
vn 0.6148 0.6753 -0.4073
vn 0.6369 0.7209 -0.2731
vn 0.7341 0.6014 -0.3153
vn 0.8246 0.4752 -0.3069
vn 0.7877 0.4702 -0.3981
vn 0.5562 -0.0077 -0.8310
vn 0.5764 0.1699 -0.7993
vn 0.5779 0.3559 -0.7344
vn 0.4082 0.9088 -0.0860
vn 0.3336 0.9406 -0.0636
vn 0.3693 0.9172 -0.1496
vn -0.3373 0.8839 -0.3240
vn 0.2235 0.4405 -0.8695
vn 0.8388 0.4594 -0.2922
vn 0.1363 0.4510 -0.8820
vn -0.6877 0.1169 0.7166
vn -0.5261 -0.8502 -0.0176
vn 0.8001 -0.5994 -0.0244
vn 0.8057 0.0471 0.5904
vn 0.8475 0.1447 0.5107
vn -0.6291 0.3826 0.6767
vn -0.6524 0.2064 0.7292
vn -0.7445 0.2743 0.6087
vn -0.7396 0.3166 0.5940
vn 0.8751 0.2434 0.4183
vn 0.6975 0.4957 0.5176
vn 0.7223 0.5452 0.4255
vn 0.7375 0.5843 0.3388
vn -0.7348 0.6710 0.0990
vn 0.3866 -0.7098 0.5889
vn 0.7083 0.5985 -0.3743
vn 0.7335 0.5329 -0.4218
vn 0.7464 0.6317 -0.2096
vn -0.3637 0.9312 -0.0239
vn 0.7718 0.6136 -0.1667
vn -0.4104 -0.8663 0.2848
vn 0.9023 -0.0538 0.4278
vn 0.3771 -0.6232 0.6851
vn 0.7702 -0.5130 -0.3789
vn 0.2241 -0.9124 -0.3427
vn 0.7446 -0.4284 0.5119
vn 0.1959 -0.9183 -0.3439
vn -0.4838 0.8677 -0.1139
vn -0.3590 0.9258 -0.1184
vn -0.2089 0.9704 -0.1209
vn 0.1161 -0.3396 -0.9334
vn -0.4551 -0.7944 -0.4023
vn 0.2694 -0.2196 0.9377
vn 0.0877 -0.5711 0.8162
vn 0.9275 -0.0972 0.3609
vn 0.6494 0.7220 -0.2387
vt 0.063014 0.612343
vt 0.067515 0.635716
vt 0.045922 0.644032
vt 0.049339 0.608562
vt 0.087535 0.597592
vt 0.098587 0.578944
vt 0.106914 0.608339
vt 0.092821 0.622498
vt 0.107367 0.633272
vt 0.115313 0.618287
vt 0.073129 0.587024
vt 0.055031 0.578133
vt 0.069662 0.559946
vt 0.084194 0.557537
vt 0.076698 0.617673
vt 0.081588 0.542803
vt 0.067643 0.541608
vt 0.056421 0.557185
vt 0.080571 0.644058
vt 0.941408 0.607844
vt 0.936380 0.642941
vt 0.918496 0.637366
vt 0.928771 0.611153
vt 0.893199 0.599585
vt 0.909647 0.654206
vt 0.877704 0.620918
vt 0.874186 0.581219
vt 0.862905 0.606031
vt 0.869293 0.634534
vt 0.882627 0.657147
vt 0.036688 0.569708
vt 0.018496 0.578854
vt 0.028846 0.522559
vt 0.035036 0.552137
vt 0.898019 0.534821
vt 0.880503 0.529876
vt 0.888689 0.483637
vt 0.893295 0.478245
vt 0.915749 0.617252
vt 0.928884 0.578854
vt 0.031020 0.607844
vt 0.018383 0.611153
vt 0.917574 0.587405
vt 0.911820 0.619040
vt 0.885016 0.554508
vt 0.928100 0.530597
vt 0.939234 0.522559
vt 0.050102 0.529630
vt 0.030841 0.523246
vt 0.046759 0.554645
vt 0.941229 0.523246
vt 0.868706 0.545850
vt 0.114125 0.558261
vt 0.130623 0.542633
vt 0.140302 0.566438
vt 0.123620 0.581079
vt 0.129547 0.599945
vt 0.141604 0.593145
vt 0.093432 0.524073
vt 0.082291 0.509743
vt 0.100326 0.487312
vt 0.103073 0.510903
vt 0.141529 0.511020
vt 0.159647 0.484684
vt 0.176418 0.504027
vt 0.156725 0.530703
vt 0.132958 0.476453
vt 0.149559 0.470816
vt 0.139849 0.537349
vt 0.153447 0.552070
vt 0.122630 0.518346
vt 0.112827 0.491924
vt 0.102146 0.536301
vt 0.156828 0.416701
vt 0.143142 0.399258
vt 0.107885 0.468766
vt 0.895074 0.337957
vt 0.904949 0.299726
vt 0.917365 0.320247
vt 0.901552 0.370298
vt 0.915778 0.370936
vt 0.925757 0.339032
vt 0.913537 0.243538
vt 0.918271 0.206079
vt 0.938684 0.195544
vt 0.928847 0.268056
vt 0.030134 0.285511
vt 0.018459 0.268056
vt 0.028296 0.195544
vt 0.041067 0.243496
vt 0.940522 0.285511
vt 0.036440 0.441354
vt 0.061231 0.374764
vt 0.073826 0.387016
vt 0.048529 0.527561
vt 0.061022 0.494152
vt 0.075024 0.454778
vt 0.914551 0.416907
vt 0.903190 0.446444
vt 0.909164 0.469312
vt 0.906150 0.422951
vt 0.090711 0.375239
vt 0.092880 0.442961
vt 0.076273 0.403777
vt 0.068120 0.343899
vt 0.116302 0.332701
vt 0.118008 0.383334
vt 0.112455 0.282351
vt 0.946828 0.441354
vt 0.958917 0.527561
vt 0.945704 0.349997
vt 0.971619 0.374764
vt 0.034174 0.301109
vt 0.053759 0.222930
vt 0.120286 0.425264
vt 0.112534 0.428080
vt 0.035316 0.349997
vt 0.890424 0.441230
vt 0.025992 0.642941
vt 0.039982 0.663287
vt 0.029393 0.664466
vt 0.136579 0.357643
vt 0.051500 0.200364
vt 0.015369 0.339032
vt 0.889021 0.400819
vt 0.057241 0.693380
vt 0.059543 0.714017
vt 0.044805 0.729228
vt 0.043600 0.683211
vt 0.065692 0.677961
vt 0.071471 0.720502
vt 0.053352 0.668306
vt 0.062012 0.739601
vt 0.086079 0.754483
vt 0.089983 0.783747
vt 0.068427 0.804906
vt 0.057163 0.767827
vt 0.110576 0.650509
vt 0.118378 0.688178
vt 0.105897 0.697623
vt 0.099653 0.654625
vt 0.123747 0.640138
vt 0.132386 0.676729
vt 0.139500 0.712882
vt 0.152366 0.727871
vt 0.147451 0.760343
vt 0.136854 0.730447
vt 0.117202 0.734885
vt 0.125841 0.768125
vt 0.124578 0.709428
vt 0.084645 0.670603
vt 0.091083 0.707219
vt 0.102697 0.760079
vt 0.112165 0.790679
vt 0.088151 0.821851
vt 0.137350 0.789126
vt 0.049690 0.754797
vt 0.096829 0.735493
vt 0.147374 0.812159
vt 0.140159 0.848378
vt 0.103494 0.837455
vt 0.121683 0.813771
vt 0.024508 0.690708
vt 0.024530 0.732848
vt 0.010230 0.735902
vt 0.011120 0.700498
vt 0.920618 0.735902
vt 0.904033 0.736230
vt 0.913663 0.695056
vt 0.921508 0.700498
vt 0.934896 0.690708
vt 0.927438 0.671324
vt 0.942609 0.787020
vt 0.952984 0.821616
vt 0.908139 0.828649
vt 0.903526 0.790577
vt 0.924908 0.762033
vt 0.938574 0.764942
vt 0.884207 0.686309
vt 0.882729 0.732331
vt 0.859736 0.722724
vt 0.865755 0.679640
vt 0.905805 0.692254
vt 0.902958 0.739584
vt 0.875140 0.776225
vt 0.865728 0.802337
vt 0.840927 0.807558
vt 0.852767 0.765367
vt 0.899120 0.790448
vt 0.881296 0.830373
vt 0.846527 0.828337
vt 0.967694 0.844355
vt 0.918766 0.855961
vt 0.028186 0.764942
vt 0.014520 0.762033
vt 0.902013 0.859816
vt 0.117476 0.882701
vt 0.056855 0.911216
vt 0.020850 0.880430
vt 0.074264 0.862385
vt 0.880722 0.896528
vt 0.835429 0.923273
vt 0.791934 0.903694
vt 0.823634 0.891861
vt 0.922690 0.937753
vt 0.842932 0.951849
vt 0.734111 0.938855
vt 0.822891 0.855803
vt 0.789454 0.874481
vt 0.863515 0.863607
vt 0.967243 0.911216
vt 0.931238 0.880430
vt 0.160116 0.602099
vt 0.173289 0.639857
vt 0.165395 0.647079
vt 0.152679 0.610702
vt 0.139577 0.625034
vt 0.148865 0.663384
vt 0.168864 0.713467
vt 0.167860 0.749505
vt 0.156609 0.725203
vt 0.157506 0.698162
vt 0.180092 0.688467
vt 0.189488 0.727488
vt 0.170508 0.680060
vt 0.171696 0.583460
vt 0.183334 0.587969
vt 0.194818 0.620767
vt 0.184793 0.629406
vt 0.200752 0.551958
vt 0.217848 0.603528
vt 0.205902 0.611586
vt 0.193819 0.534927
vt 0.242629 0.664722
vt 0.253426 0.699546
vt 0.224147 0.704844
vt 0.215965 0.665197
vt 0.208981 0.681541
vt 0.215651 0.731993
vt 0.234772 0.759674
vt 0.197379 0.671903
vt 0.199037 0.710387
vt 0.171712 0.560904
vt 0.196967 0.757834
vt 0.182915 0.767578
vt 0.200468 0.646473
vt 0.203131 0.781592
vt 0.212385 0.815549
vt 0.180086 0.841205
vt 0.177831 0.799566
vt 0.214603 0.771204
vt 0.226652 0.787750
vt 0.269075 0.752319
vt 0.300872 0.826848
vt 0.296092 0.848482
vt 0.257143 0.794710
vt 0.222584 0.859519
vt 0.236558 0.922123
vt 0.137863 0.930507
vt 0.174466 0.882771
vt 0.142152 0.963740
vt 0.333701 0.938304
vt 0.365752 0.954531
vt 0.331130 0.996355
vt 0.562848 0.965084
vt 0.608369 0.947983
vt 0.339386 0.884007
vt 0.361766 0.802725
vt 0.397077 0.826205
vt 0.396802 0.881415
vt 0.447146 0.813304
vt 0.443416 0.872631
vt 0.248015 0.823660
vt 0.283679 0.873410
vt 0.339273 0.816682
vt 0.468268 0.834098
vt 0.474945 0.863987
vt 0.498313 0.892933
vt 0.167722 0.777905
vt 0.156021 0.783226
vt 0.982228 0.939876
vt 0.991518 0.992378
vt 0.012302 0.937753
vt 0.042596 0.821616
vt 0.032221 0.787020
vt 0.057306 0.844355
vt 0.819984 0.822797
vt 0.984652 0.862385
vt 0.301321 0.757575
vt 0.872505 0.366452
vt 0.876041 0.396536
vt 0.858423 0.394703
vt 0.855429 0.359500
vt 0.845943 0.389686
vt 0.850644 0.412781
vt 0.863079 0.424581
vt 0.834102 0.363821
vt 0.825373 0.384179
vt 0.813211 0.380349
vt 0.817092 0.354235
vt 0.831943 0.410575
vt 0.838417 0.387643
vt 0.812435 0.411385
vt 0.851952 0.596545
vt 0.849044 0.624138
vt 0.828384 0.611147
vt 0.831504 0.583650
vt 0.834105 0.554009
vt 0.855212 0.566612
vt 0.814215 0.545649
vt 0.804752 0.575412
vt 0.786352 0.566911
vt 0.795168 0.540381
vt 0.809097 0.595695
vt 0.819340 0.578479
vt 0.793848 0.598562
vt 0.863856 0.457160
vt 0.859997 0.497291
vt 0.837376 0.505052
vt 0.844984 0.459794
vt 0.875381 0.451630
vt 0.873685 0.492261
vt 0.824905 0.450542
vt 0.814325 0.509698
vt 0.797776 0.476736
vt 0.805866 0.438412
vt 0.857342 0.537667
vt 0.835752 0.525588
vt 0.778819 0.538627
vt 0.790721 0.496538
vt 0.809127 0.505626
vt 0.822874 0.520253
vt 0.780215 0.407530
vt 0.771641 0.446687
vt 0.760427 0.428910
vt 0.769638 0.398336
vt 0.783064 0.459164
vt 0.792939 0.426964
vt 0.759741 0.536492
vt 0.751864 0.486448
vt 0.759620 0.495238
vt 0.774758 0.495739
vt 0.744026 0.539917
vt 0.738204 0.520516
vt 0.751583 0.454159
vt 0.873014 0.303728
vt 0.859096 0.306174
vt 0.860952 0.266439
vt 0.878905 0.274699
vt 0.838796 0.302091
vt 0.822722 0.296057
vt 0.816336 0.269916
vt 0.836580 0.264767
vt 0.881806 0.229080
vt 0.861509 0.223243
vt 0.861225 0.186789
vt 0.878549 0.200533
vt 0.833990 0.222662
vt 0.805418 0.229330
vt 0.803173 0.199742
vt 0.826882 0.184041
vt 0.881079 0.333917
vt 0.858100 0.329866
vt 0.890760 0.283935
vt 0.836824 0.325355
vt 0.811819 0.321862
vt 0.803314 0.276636
vt 0.858940 0.163047
vt 0.900848 0.177761
vt 0.896050 0.236405
vt 0.789273 0.192439
vt 0.820847 0.162212
vt 0.793415 0.235913
vt 0.783629 0.289032
vt 0.775739 0.310981
vt 0.754941 0.312648
vt 0.768236 0.285567
vt 0.785442 0.347634
vt 0.795053 0.321871
vt 0.769603 0.347691
vt 0.753266 0.242723
vt 0.734960 0.242030
vt 0.741495 0.219065
vt 0.760704 0.215371
vt 0.747419 0.279965
vt 0.760379 0.262643
vt 0.779197 0.241738
vt 0.745217 0.406060
vt 0.729884 0.375379
vt 0.745474 0.342259
vt 0.759315 0.378601
vt 0.743599 0.472704
vt 0.742058 0.480475
vt 0.731263 0.473013
vt 0.735066 0.439458
vt 0.713320 0.461615
vt 0.706607 0.403280
vt 0.707456 0.334028
vt 0.708550 0.306373
vt 0.707055 0.269489
vt 0.729610 0.311055
vt 0.681181 0.352090
vt 0.675824 0.391171
vt 0.664927 0.390992
vt 0.670955 0.355784
vt 0.684069 0.418378
vt 0.696627 0.373206
vt 0.668746 0.417319
vt 0.699776 0.417183
vt 0.708804 0.384154
vt 0.727339 0.355751
vt 0.706987 0.328369
vt 0.727211 0.333766
vt 0.732012 0.345044
vt 0.700396 0.336257
vt 0.697155 0.280449
vt 0.691089 0.445289
vt 0.885615 0.367501
vt 0.801748 0.348975
vt 0.776224 0.374907
vt 0.799304 0.407210
vt 0.794083 0.384092
vt 0.770935 0.564601
vt 0.842882 0.668278
vt 0.835616 0.709112
vt 0.813521 0.693179
vt 0.821834 0.653923
vt 0.826304 0.749001
vt 0.813132 0.789858
vt 0.783169 0.769771
vt 0.802573 0.730935
vt 0.801361 0.636281
vt 0.792209 0.674439
vt 0.775278 0.657136
vt 0.786155 0.621107
vt 0.764275 0.644600
vt 0.775289 0.608576
vt 0.779952 0.710357
vt 0.767403 0.737191
vt 0.759888 0.716320
vt 0.765325 0.694934
vt 0.740233 0.717294
vt 0.753583 0.681775
vt 0.757108 0.753903
vt 0.765754 0.773804
vt 0.788078 0.837467
vt 0.767884 0.859366
vt 0.740355 0.826774
vt 0.759967 0.807341
vt 0.780110 0.793710
vt 0.802268 0.813330
vt 0.684275 0.896491
vt 0.672311 0.850628
vt 0.716551 0.840351
vt 0.741934 0.878420
vt 0.716957 0.780127
vt 0.706923 0.799186
vt 0.694193 0.770338
vt 0.707187 0.743913
vt 0.674544 0.762658
vt 0.678139 0.735656
vt 0.671220 0.803278
vt 0.729024 0.805956
vt 0.737930 0.778065
vt 0.727986 0.746002
vt 0.748240 0.572936
vt 0.737547 0.610885
vt 0.727715 0.597693
vt 0.738698 0.559553
vt 0.714100 0.578893
vt 0.727774 0.542439
vt 0.706601 0.649245
vt 0.693254 0.664670
vt 0.691531 0.643843
vt 0.702989 0.624008
vt 0.709130 0.683540
vt 0.720801 0.646371
vt 0.716741 0.626575
vt 0.751007 0.628263
vt 0.762361 0.592264
vt 0.730055 0.690050
vt 0.739134 0.664306
vt 0.564735 0.875425
vt 0.590772 0.825908
vt 0.628825 0.845403
vt 0.619254 0.895033
vt 0.647567 0.748869
vt 0.622448 0.733821
vt 0.630618 0.705353
vt 0.653721 0.721804
vt 0.609102 0.776053
vt 0.638208 0.796161
vt 0.515918 0.754215
vt 0.533957 0.778670
vt 0.506718 0.787674
vt 0.516664 0.747493
vt 0.549730 0.811839
vt 0.554758 0.817111
vt 0.606687 0.678223
vt 0.605937 0.723079
vt 0.584784 0.744153
vt 0.585751 0.713647
vt 0.565877 0.738992
vt 0.562255 0.656958
vt 0.591758 0.638584
vt 0.509274 0.846477
vt 0.488244 0.824751
vt 0.530174 0.874789
vt 0.697095 0.555643
vt 0.675694 0.522754
vt 0.692842 0.494256
vt 0.711527 0.516858
vt 0.674757 0.632007
vt 0.657356 0.607846
vt 0.666016 0.577170
vt 0.684239 0.596473
vt 0.650025 0.633078
vt 0.668638 0.655966
vt 0.642428 0.580736
vt 0.617154 0.553920
vt 0.629872 0.537793
vt 0.652495 0.567536
vt 0.615325 0.620727
vt 0.628478 0.594916
vt 0.657458 0.448990
vt 0.646379 0.471877
vt 0.638110 0.457411
vt 0.653920 0.424737
vt 0.657351 0.493061
vt 0.671717 0.454334
vt 0.666178 0.425537
vt 0.675285 0.529220
vt 0.677399 0.485254
vt 0.615807 0.523727
vt 0.629591 0.501656
vt 0.644765 0.515444
vt 0.628469 0.470810
vt 0.686803 0.458480
vt 0.719955 0.715413
vt 0.606205 0.626027
vt 0.611237 0.635139
vt 0.683009 0.705226
vt 0.701111 0.712228
vt 0.639336 0.672343
vt 0.660114 0.691073
vt 0.624400 0.654694
vt 0.589425 0.599589
vt 0.184620 0.293089
vt 0.179342 0.262438
vt 0.202630 0.251438
vt 0.200024 0.280427
vt 0.170351 0.307397
vt 0.158206 0.281495
vt 0.159276 0.360465
vt 0.164685 0.399846
vt 0.150001 0.381054
vt 0.144913 0.337246
vt 0.170989 0.342469
vt 0.176534 0.381098
vt 0.158097 0.318789
vt 0.180021 0.444453
vt 0.198338 0.447227
vt 0.213181 0.466792
vt 0.199130 0.486234
vt 0.198416 0.344021
vt 0.210468 0.333366
vt 0.223254 0.354388
vt 0.205388 0.371638
vt 0.217827 0.405604
vt 0.232609 0.377488
vt 0.237225 0.405744
vt 0.228618 0.425329
vt 0.185116 0.360255
vt 0.189579 0.389695
vt 0.202065 0.431751
vt 0.214020 0.442696
vt 0.182186 0.409773
vt 0.213529 0.301401
vt 0.229665 0.334807
vt 0.190044 0.321037
vt 0.187319 0.425621
vt 0.243025 0.370050
vt 0.259235 0.418246
vt 0.239026 0.456986
vt 0.138025 0.270346
vt 0.134001 0.242060
vt 0.146216 0.209148
vt 0.149910 0.244139
vt 0.176952 0.217762
vt 0.176891 0.187244
vt 0.203525 0.189535
vt 0.204339 0.214890
vt 0.122744 0.120487
vt 0.168368 0.116787
vt 0.156570 0.120690
vt 0.141287 0.128688
vt 0.097114 0.198607
vt 0.069699 0.163367
vt 0.272601 0.108793
vt 0.282543 0.163343
vt 0.237252 0.152704
vt 0.192781 0.138776
vt 0.244335 0.091492
vt 0.346094 0.094747
vt 0.175144 0.056096
vt 0.101824 0.250630
vt 0.141777 0.190801
vt 0.263953 0.183035
vt 0.231367 0.175368
vt 0.185082 0.164776
vt 0.235851 0.256572
vt 0.255408 0.286556
vt 0.242394 0.316334
vt 0.230128 0.291816
vt 0.276970 0.327287
vt 0.270475 0.346395
vt 0.265096 0.372676
vt 0.252110 0.347321
vt 0.286392 0.318617
vt 0.291804 0.346229
vt 0.286033 0.378087
vt 0.252210 0.200863
vt 0.287764 0.227025
vt 0.292638 0.252039
vt 0.242254 0.227151
vt 0.281248 0.278064
vt 0.284054 0.249845
vt 0.307182 0.243210
vt 0.296123 0.291093
vt 0.279746 0.192405
vt 0.346826 0.152470
vt 0.344055 0.180277
vt 0.322899 0.198915
vt 0.326332 0.265200
vt 0.336493 0.282871
vt 0.317187 0.314926
vt 0.312646 0.289410
vt 0.344511 0.301283
vt 0.333282 0.321344
vt 0.376295 0.221635
vt 0.382455 0.246063
vt 0.357367 0.259891
vt 0.348763 0.239015
vt 0.387444 0.269165
vt 0.364169 0.279746
vt 0.301412 0.314840
vt 0.333847 0.212843
vt 0.364296 0.186663
vt 0.305124 0.223584
vt 0.369027 0.160880
vt 0.217779 0.255258
vt 0.223838 0.212519
vt 0.147227 0.298076
vt 0.307334 0.342757
vt 0.128541 0.295878
vt 0.051043 0.157438
vt 0.079951 0.096843
vt 0.212395 0.530804
vt 0.235254 0.576890
vt 0.221243 0.597436
vt 0.206249 0.559442
vt 0.232149 0.493737
vt 0.243660 0.538198
vt 0.244366 0.596904
vt 0.266563 0.632421
vt 0.270587 0.675235
vt 0.237239 0.654247
vt 0.256660 0.566156
vt 0.278335 0.625272
vt 0.282594 0.650617
vt 0.239159 0.486243
vt 0.247339 0.425746
vt 0.273992 0.490926
vt 0.261167 0.505721
vt 0.272648 0.553393
vt 0.283518 0.522955
vt 0.298061 0.557716
vt 0.288098 0.589795
vt 0.242997 0.505280
vt 0.244435 0.502759
vt 0.245741 0.506417
vt 0.244311 0.508924
vt 0.282445 0.497625
vt 0.283540 0.501262
vt 0.315497 0.632515
vt 0.324934 0.600510
vt 0.337199 0.614697
vt 0.329931 0.648528
vt 0.314408 0.587205
vt 0.303764 0.616791
vt 0.304584 0.668948
vt 0.324409 0.674015
vt 0.295730 0.634182
vt 0.310443 0.730226
vt 0.335645 0.726819
vt 0.358605 0.748522
vt 0.344721 0.770969
vt 0.319081 0.699780
vt 0.337540 0.700637
vt 0.369060 0.712094
vt 0.402193 0.723654
vt 0.436484 0.701468
vt 0.459595 0.748835
vt 0.406238 0.794376
vt 0.364795 0.631840
vt 0.383612 0.636207
vt 0.376931 0.676780
vt 0.362960 0.661463
vt 0.405721 0.633413
vt 0.427501 0.622249
vt 0.432657 0.662405
vt 0.405453 0.672163
vt 0.351824 0.668018
vt 0.363692 0.686513
vt 0.426176 0.689782
vt 0.404028 0.701279
vt 0.404202 0.794057
vt 0.353210 0.625876
vt 0.380826 0.698744
vt 0.443234 0.668481
vt 0.278006 0.421139
vt 0.294351 0.397991
vt 0.301081 0.437542
vt 0.285793 0.468009
vt 0.294810 0.498441
vt 0.310614 0.471712
vt 0.321532 0.504058
vt 0.309288 0.529274
vt 0.314481 0.372115
vt 0.323045 0.406739
vt 0.312396 0.421393
vt 0.306549 0.399326
vt 0.328653 0.372317
vt 0.333445 0.394490
vt 0.333568 0.440538
vt 0.341131 0.475038
vt 0.327394 0.476779
vt 0.321385 0.454878
vt 0.299286 0.376351
vt 0.333626 0.500228
vt 0.340229 0.421451
vt 0.286209 0.495904
vt 0.285130 0.492320
vt 0.332946 0.567485
vt 0.341640 0.529127
vt 0.350586 0.551881
vt 0.344557 0.579969
vt 0.329025 0.528654
vt 0.323282 0.554447
vt 0.353914 0.329613
vt 0.362515 0.365377
vt 0.344587 0.382077
vt 0.334726 0.349098
vt 0.368928 0.402154
vt 0.373245 0.445453
vt 0.359723 0.445582
vt 0.350830 0.422289
vt 0.346648 0.443197
vt 0.356480 0.461008
vt 0.368704 0.466357
vt 0.393530 0.301072
vt 0.399251 0.340583
vt 0.380454 0.351569
vt 0.373173 0.314066
vt 0.403987 0.379320
vt 0.408355 0.419158
vt 0.391031 0.428284
vt 0.386124 0.389257
vt 0.374346 0.574511
vt 0.384877 0.570026
vt 0.385017 0.598393
vt 0.370356 0.595479
vt 0.403138 0.561710
vt 0.421438 0.555628
vt 0.424169 0.583783
vt 0.404817 0.595175
vt 0.377465 0.482640
vt 0.382266 0.518514
vt 0.369010 0.522534
vt 0.361480 0.501573
vt 0.413782 0.473345
vt 0.416753 0.502629
vt 0.399563 0.511533
vt 0.396763 0.481573
vt 0.394544 0.459941
vt 0.411499 0.450750
vt 0.356558 0.525340
vt 0.365358 0.553041
vt 0.384052 0.547612
vt 0.419571 0.533833
vt 0.401678 0.539592
vt 0.380509 0.464340
vt 0.359757 0.590808
vt 0.324349 0.346663
vt 0.295785 0.694223
vt 0.348213 0.502174
vt 0.281475 0.719104
vt 0.851819 0.091616
vt 0.827023 0.065699
vt 0.943869 0.065752
vt 0.894459 0.092250
vt 0.887341 0.138533
vt 0.904562 0.164085
vt 0.814414 0.106326
vt 0.857713 0.117597
vt 0.770987 0.160460
vt 0.748965 0.148643
vt 0.786193 0.115412
vt 0.808791 0.135809
vt 0.735346 0.141152
vt 0.745732 0.092832
vt 0.745033 0.062513
vt 0.671259 0.100923
vt 0.639724 0.096156
vt 0.636220 0.075171
vt 0.710952 0.013333
vt 0.965083 0.027487
vt 0.483185 0.041618
vt 0.440616 0.068801
vt 0.365568 0.113213
vt 0.408087 0.030723
vt 0.291454 0.014667
vt 0.246027 0.028359
vt 0.727079 0.011813
vt 0.652879 0.046159
vt 0.587602 0.060880
vt 0.715204 0.208039
vt 0.715766 0.238493
vt 0.677441 0.200983
vt 0.685808 0.180971
vt 0.675879 0.294692
vt 0.658699 0.267506
vt 0.666772 0.235512
vt 0.687373 0.262253
vt 0.662065 0.303748
vt 0.655930 0.296090
vt 0.650326 0.368729
vt 0.630565 0.342510
vt 0.642621 0.306723
vt 0.661155 0.327426
vt 0.628713 0.208624
vt 0.608122 0.201525
vt 0.615110 0.174640
vt 0.647816 0.187502
vt 0.658877 0.152894
vt 0.615969 0.142032
vt 0.626051 0.303844
vt 0.615860 0.324639
vt 0.605946 0.313619
vt 0.622613 0.282449
vt 0.590684 0.298216
vt 0.598251 0.253779
vt 0.633821 0.232729
vt 0.647241 0.218674
vt 0.640727 0.287055
vt 0.612495 0.228940
vt 0.673033 0.322547
vt 0.591670 0.229888
vt 0.433653 0.196440
vt 0.451906 0.231218
vt 0.421873 0.217458
vt 0.408603 0.193133
vt 0.412320 0.147268
vt 0.422549 0.171634
vt 0.559563 0.115723
vt 0.535486 0.137808
vt 0.498644 0.118641
vt 0.522785 0.088715
vt 0.520505 0.161186
vt 0.487349 0.148333
vt 0.506791 0.195851
vt 0.498075 0.241783
vt 0.473419 0.234353
vt 0.478497 0.183251
vt 0.412344 0.242842
vt 0.398014 0.217074
vt 0.433936 0.250714
vt 0.453613 0.110692
vt 0.489180 0.076423
vt 0.467054 0.147269
vt 0.396187 0.132222
vt 0.594461 0.170556
vt 0.584439 0.198811
vt 0.559539 0.170814
vt 0.583742 0.148007
vt 0.550127 0.230318
vt 0.543899 0.263327
vt 0.522169 0.251789
vt 0.533901 0.206733
vt 0.559546 0.273337
vt 0.567728 0.222846
vt 0.556228 0.202434
vt 0.581976 0.253963
vt 0.572855 0.283050
vt 0.541785 0.180564
vt 0.606199 0.097184
vt 0.754256 0.186311
vt 0.716347 0.174863
vt 0.705347 0.186268
vt 0.663962 0.132202
vt 0.640914 0.118196
vt 0.054695 0.027487
vt 0.033481 0.065752
vt 0.101955 0.052184
vt 0.721915 0.227024
vt 0.482614 0.676867
vt 0.467461 0.678108
vt 0.480088 0.640526
vt 0.508188 0.600914
vt 0.467295 0.747090
vt 0.483222 0.737316
vt 0.513948 0.689042
vt 0.511612 0.610966
vt 0.541756 0.574612
vt 0.563301 0.609816
vt 0.556109 0.672165
vt 0.476100 0.608505
vt 0.468485 0.569347
vt 0.479047 0.543868
vt 0.487786 0.579894
vt 0.454158 0.592901
vt 0.456352 0.640759
vt 0.496924 0.504554
vt 0.516673 0.501940
vt 0.525327 0.533381
vt 0.496992 0.551038
vt 0.445231 0.637966
vt 0.443438 0.606693
vt 0.626411 0.439843
vt 0.609822 0.415335
vt 0.620085 0.378841
vt 0.638104 0.404493
vt 0.603636 0.510767
vt 0.586636 0.487152
vt 0.595649 0.461676
vt 0.612302 0.484679
vt 0.602052 0.441679
vt 0.618766 0.462862
vt 0.531026 0.471859
vt 0.547223 0.445951
vt 0.557876 0.486466
vt 0.544158 0.489029
vt 0.603852 0.359271
vt 0.595545 0.397598
vt 0.586383 0.387426
vt 0.594315 0.348887
vt 0.572901 0.374166
vt 0.581975 0.336588
vt 0.570726 0.460792
vt 0.560879 0.441406
vt 0.562956 0.408500
vt 0.581175 0.433288
vt 0.592244 0.423607
vt 0.576155 0.512953
vt 0.592696 0.543334
vt 0.550142 0.418942
vt 0.558640 0.548391
vt 0.568527 0.529219
vt 0.580498 0.548517
vt 0.579375 0.576255
vt 0.542871 0.511341
vt 0.556556 0.507881
vt 0.494519 0.287540
vt 0.494110 0.334128
vt 0.470100 0.334544
vt 0.463002 0.292347
vt 0.496383 0.387073
vt 0.491257 0.414490
vt 0.477772 0.417162
vt 0.470966 0.390071
vt 0.502813 0.443912
vt 0.506318 0.405162
vt 0.481858 0.459677
vt 0.429951 0.305716
vt 0.433804 0.330355
vt 0.419628 0.333174
vt 0.416240 0.292408
vt 0.447922 0.329235
vt 0.442853 0.287778
vt 0.423025 0.277055
vt 0.436538 0.371891
vt 0.436368 0.399074
vt 0.427100 0.413991
vt 0.423373 0.373118
vt 0.448659 0.416323
vt 0.449549 0.373095
vt 0.434591 0.427807
vt 0.460557 0.331099
vt 0.458835 0.306232
vt 0.460296 0.405600
vt 0.461139 0.376882
vt 0.460933 0.273712
vt 0.459762 0.437533
vt 0.454670 0.476557
vt 0.450853 0.508177
vt 0.438040 0.520443
vt 0.442296 0.486453
vt 0.459363 0.534293
vt 0.469022 0.509737
vt 0.446451 0.557873
vt 0.430354 0.494306
vt 0.432698 0.462396
vt 0.445957 0.454366
vt 0.467835 0.463857
vt 0.476121 0.486533
vt 0.436675 0.570853
vt 0.431267 0.552238
vt 0.537980 0.303692
vt 0.532605 0.340931
vt 0.515015 0.339280
vt 0.515832 0.294251
vt 0.541947 0.354431
vt 0.551287 0.312012
vt 0.539541 0.392724
vt 0.535630 0.425449
vt 0.522487 0.431468
vt 0.518985 0.399369
vt 0.513203 0.367091
vt 0.527628 0.367997
vt 0.563804 0.321025
vt 0.556984 0.360567
vt 0.553426 0.387773
vt 0.511288 0.477232
vt 0.492204 0.483222
vt 0.530287 0.493554
vt 0.591870 0.570395
vt 0.422974 0.441797
vt 0.917752 0.166701
vt 0.961431 0.157438
vt 0.990339 0.096843
vt 0.404109 0.268958
vt 0.017050 0.671324
s 1
f 3/1/1 4/2/2 6/3/3 5/4/4
f 8/5/5 11/6/6 12/7/7 9/8/8
f 7/9/9 9/8/8 12/7/7 10/10/10
f 16/11/11 18/12/12 20/13/13 19/14/14
f 3/1/1 16/11/11 17/15/15 4/2/2
f 3/1/1 5/4/4 18/12/12 16/11/11
f 8/5/5 9/8/8 17/15/15 16/11/11
f 8/5/5 16/11/11 19/14/14 11/6/6
f 14/16/16 19/14/14 20/13/13 15/17/17
f 13/18/18 15/17/17 20/13/13 18/12/12
f 1/19/19 4/2/2 17/15/15 9/8/8
f 23/20/20 24/21/21 26/22/22 25/23/23
f 31/24/24 32/25/25 34/26/26 33/27/27
f 29/28/28 33/27/27 34/26/26 30/29/29
f 28/30/30 30/29/29 34/26/26 32/25/25
f 38/31/31 39/32/32 42/33/33 41/34/34
f 43/35/35 44/36/36 47/37/37 45/38/38
f 26/22/22 40/39/39 39/40/32 25/23/23
f 23/41/20 25/42/23 39/32/32 38/31/31
f 31/24/24 48/43/40 49/44/41 32/25/25
f 31/24/24 33/27/27 50/45/42 48/43/40
f 39/40/32 40/39/39 49/44/43 48/43/44
f 39/40/32 48/43/44 51/46/45 42/47/33
f 36/48/46 41/34/34 42/33/33 37/49/47
f 38/31/31 41/34/34 36/48/46 35/50/48
f 43/35/35 48/43/40 50/45/42 44/36/36
f 43/35/35 45/38/38 51/46/49 48/43/40
f 37/51/50 42/47/50 51/46/50 45/38/50
f 27/52/51 44/36/36 50/45/42 33/27/27
f 26/22/22 32/25/52 49/44/43 40/39/39
f 53/53/53 56/54/54 57/55/55 54/56/56
f 52/57/57 54/56/56 57/55/55 55/58/58
f 58/59/59 59/60/60 61/61/61 60/62/62
f 71/63/63 74/64/64 75/65/65 72/66/66
f 71/63/63 73/67/67 76/68/68 74/64/64
f 56/54/54 65/69/69 66/70/70 57/55/55
f 63/71/71 64/72/72 73/67/67 71/63/63
f 53/53/53 62/73/73 63/71/71 56/54/54
f 71/63/63 72/66/66 66/70/70 65/69/69
f 61/61/61 64/72/72 63/71/71 60/62/62
f 58/59/59 60/62/62 63/71/71 62/73/73
f 68/74/74 74/64/75 76/68/76 70/75/77
f 61/61/61 67/76/78 73/67/67 64/72/72
f 56/54/54 63/71/71 71/63/63 65/69/69
f 78/77/79 81/78/80 82/79/81 79/80/82
f 77/81/83 79/80/82 82/79/81 80/82/84
f 84/83/85 87/84/86 88/85/87 85/86/88
f 83/87/89 85/88/88 88/89/87 86/90/90
f 81/78/80 84/83/85 85/86/88 82/79/81
f 80/82/84 82/79/81 85/86/88 83/91/89
f 90/92/91 93/93/91 94/94/92 91/95/93
f 89/96/94 91/95/93 94/94/92 92/97/95
f 95/98/96 96/99/96 98/100/96 97/101/96
f 100/102/97 101/103/97 103/104/98 102/105/99
f 100/102/100 104/106/101 105/107/102 101/103/103
f 100/102/100 102/105/104 106/108/104 104/106/101
f 93/93/105 102/105/99 103/104/98 94/94/105
f 92/97/95 94/94/92 103/104/106 101/103/106
f 90/109/107 91/110/108 96/99/109 95/98/107
f 90/109/110 95/98/110 99/111/110 93/112/110
f 102/105/111 109/113/111 110/114/111 106/108/111
f 101/103/103 105/107/102 108/115/112 107/116/112
f 93/93/113 99/117/113 109/113/113 102/105/113
f 11/6/6 53/53/53 54/56/56 12/7/7
f 10/10/10 12/7/7 54/56/56 52/57/57
f 14/16/16 15/17/17 59/60/60 58/59/59
f 14/16/16 58/59/59 62/73/73 19/14/14
f 11/6/6 19/14/14 62/73/73 53/53/53
f 36/48/46 37/49/47 91/95/114 89/96/115
f 46/118/116 97/101/117 98/100/118 47/37/119
f 45/38/120 47/37/120 98/100/120 96/99/120
f 37/51/121 45/38/121 96/99/109 91/110/108
f 13/18/18 35/50/48 36/48/46 15/17/17
f 5/4/4 6/3/3 24/119/21 23/41/20
f 2/120/122 22/121/123 24/119/21 6/3/3
f 13/18/18 18/12/12 38/31/31 35/50/48
f 5/4/4 23/41/20 38/31/31 18/12/12
f 59/60/60 89/96/115 92/97/124 61/61/61
f 69/122/125 70/75/77 105/107/126 104/106/127
f 73/67/67 107/116/128 108/115/129 76/68/68
f 101/103/130 107/116/128 73/67/67 67/76/78
f 70/75/77 76/68/76 108/115/131 105/107/126
f 61/61/61 92/97/124 101/103/130 67/76/78
f 77/81/83 95/98/132 97/101/117 79/80/82
f 77/81/83 80/82/84 99/111/133 95/98/132
f 88/89/87 111/123/134 110/114/135 86/90/90
f 83/87/89 86/90/90 110/114/135 109/113/136
f 80/124/84 83/87/89 109/113/136 99/117/133
f 21/125/137 79/80/82 97/101/117 46/118/116
f 15/17/17 36/48/46 89/96/115 59/60/60
f 115/126/138 116/127/139 118/128/140 117/129/141
f 115/126/138 119/130/142 120/131/143 116/127/139
f 115/126/138 117/129/141 121/132/144 119/130/142
f 120/131/143 122/133/145 118/128/140 116/127/139
f 124/134/146 125/135/147 127/136/148 126/137/149
f 128/138/150 129/139/151 131/140/152 130/141/153
f 128/138/150 132/142/154 133/143/155 129/139/151
f 137/144/156 138/145/157 140/146/158 139/147/159
f 135/148/160 139/147/159 140/146/158 136/149/161
f 137/144/156 139/147/159 135/148/160 134/150/162
f 112/151/163 130/141/153 131/140/152 113/152/164
f 124/134/146 141/153/165 142/154/166 125/135/147
f 142/154/166 143/155/167 127/136/148 125/135/147
f 112/151/163 113/152/164 120/131/143 119/130/142
f 135/148/160 136/149/161 142/154/166 141/153/165
f 140/146/158 144/156/168 142/154/166 136/149/161
f 120/131/143 124/134/146 126/137/149 122/133/145
f 118/128/140 122/133/145 126/137/149 123/157/169
f 129/139/151 134/150/162 135/148/160 131/140/152
f 129/139/151 133/143/155 137/144/156 134/150/162
f 113/152/164 114/158/170 124/134/146 120/131/143
f 113/152/164 131/140/152 135/148/160 114/158/170
f 135/148/160 141/153/165 124/134/146 114/158/170
f 148/159/171 149/160/172 147/161/173 146/162/174
f 150/163/175 151/164/176 153/165/177 152/166/178
f 153/167/177 156/168/179 155/169/180 152/170/178
f 150/171/175 152/170/178 155/169/180 154/172/181
f 159/173/182 160/174/183 162/175/184 161/176/185
f 159/173/182 161/176/185 158/177/186 157/178/187
f 163/179/188 164/180/189 166/181/190 165/182/191
f 163/179/188 167/183/192 168/184/193 164/180/189
f 169/185/194 170/186/195 172/187/196 171/188/197
f 169/185/194 173/189/198 174/190/199 170/186/195
f 174/190/199 175/191/200 172/187/196 170/186/195
f 176/192/201 177/193/202 162/175/184 160/174/183
f 155/169/180 156/168/179 168/184/203 167/183/204
f 161/176/205 162/175/206 174/190/199 173/189/198
f 151/164/176 157/194/187 158/195/186 153/165/177
f 158/177/186 161/176/185 156/168/179 153/167/177
f 164/180/189 169/185/194 171/188/197 166/181/190
f 164/180/189 168/184/193 173/189/198 169/185/194
f 156/168/207 161/176/205 173/189/198 168/184/193
f 177/193/208 178/196/209 174/190/199 162/175/206
f 185/197/210 186/198/211 184/199/212 183/200/213
f 187/201/214 188/202/215 190/203/216 189/204/217
f 187/201/214 191/205/218 192/206/219 188/202/215
f 192/206/219 193/207/220 190/203/216 188/202/215
f 181/208/221 189/204/217 190/203/216 182/209/222
f 187/201/214 189/204/217 181/208/221 180/210/223
f 186/211/224 191/205/218 187/201/214 184/212/225
f 198/213/226 199/214/227 197/215/228 196/216/229
f 194/217/230 196/216/229 197/215/228 195/218/231
f 202/219/232 203/220/233 201/221/234 200/222/235
f 202/219/232 205/223/236 206/224/237 203/220/233
f 204/225/238 205/223/236 202/219/232 200/222/235
f 209/226/239 211/227/240 212/228/241 210/229/242
f 219/230/243 220/231/244 218/232/245 217/233/246
f 226/234/247 227/235/248 225/236/249 224/237/250
f 221/238/251 224/237/250 225/236/249 222/239/252
f 225/236/249 227/235/248 223/240/253 222/239/252
f 198/213/226 209/226/239 210/229/242 199/214/227
f 205/223/236 213/241/254 214/242/255 206/224/237
f 217/233/246 218/232/245 212/228/241 211/227/240
f 209/226/239 216/243/256 217/233/246 211/227/240
f 206/224/237 208/244/257 207/245/258 203/220/233
f 221/238/251 222/239/252 214/242/255 213/241/254
f 215/246/259 224/237/250 221/238/251 213/241/254
f 199/214/227 205/223/236 204/225/238 197/215/228
f 195/218/231 197/215/228 204/225/238 200/222/235
f 210/229/242 212/228/241 215/246/259 213/241/254
f 220/231/244 226/234/247 224/237/250 218/232/245
f 218/232/245 224/237/250 215/246/259 212/228/241
f 199/214/227 210/229/242 213/241/254 205/223/236
f 214/242/255 222/239/252 208/244/257 206/224/237
f 231/247/260 232/248/261 230/249/262 229/250/263
f 233/251/264 234/252/265 232/248/261 231/247/260
f 237/253/266 238/254/267 236/255/268 235/256/269
f 241/257/270 242/258/271 240/259/272 239/260/273
f 243/261/274 246/262/275 247/263/276 244/264/277
f 247/263/276 248/265/278 245/266/279 244/264/277
f 254/267/280 257/268/281 258/269/282 255/270/283
f 258/269/284 259/271/285 256/272/286 255/270/287
f 250/273/288 251/274/289 242/258/271 241/257/270
f 246/262/275 254/267/280 255/270/283 247/263/276
f 255/270/283 256/272/290 248/265/278 247/263/276
f 242/258/291 246/262/275 243/261/274 240/259/292
f 253/275/293 257/268/281 254/267/280 251/274/294
f 256/272/286 259/271/285 261/276/295 260/277/296
f 248/265/278 256/272/290 260/277/297 249/278/297
f 251/274/294 254/267/280 246/262/275 242/258/291
f 132/142/154 194/217/230 195/218/231 133/143/155
f 137/144/156 200/222/235 201/221/234 138/145/157
f 201/221/234 203/220/233 140/146/158 138/145/157
f 133/143/155 195/218/231 200/222/235 137/144/156
f 229/250/263 230/249/262 149/160/172 148/159/171
f 228/279/298 229/250/263 148/159/171 145/280/299
f 239/260/273 240/259/272 186/198/211 185/197/210
f 191/205/218 243/281/274 244/282/277 192/206/219
f 244/264/277 245/266/279 193/207/220 192/206/219
f 240/259/292 243/261/274 191/283/218 186/198/224
f 117/129/141 118/128/140 151/164/176 150/163/175
f 126/137/149 127/136/148 160/284/183 159/285/182
f 126/137/149 159/285/182 157/194/187 123/157/169
f 118/128/140 123/157/169 157/194/187 151/164/176
f 143/155/167 176/286/201 160/284/183 127/136/148
f 227/235/248 237/253/266 235/256/269 223/240/253
f 149/160/172 185/197/210 183/200/213 147/161/173
f 232/248/261 241/257/270 239/260/273 230/249/262
f 234/252/265 250/273/288 241/257/270 232/248/261
f 142/154/166 146/162/174 147/161/173 143/155/167
f 142/154/166 144/156/168 148/159/171 146/162/174
f 140/146/158 145/280/299 148/159/171 144/156/168
f 174/190/199 180/210/223 181/208/221 175/191/200
f 172/187/196 175/191/200 181/208/221 179/287/300
f 176/192/201 183/288/213 184/212/212 177/193/202
f 177/193/208 184/212/225 187/201/214 178/196/209
f 174/190/199 178/196/209 187/201/214 180/210/223
f 207/245/258 208/244/257 231/247/260 229/250/263
f 223/240/253 234/252/265 233/251/264 222/239/252
f 207/245/258 229/250/263 228/279/298 203/220/233
f 208/244/257 222/239/252 233/251/264 231/247/260
f 236/255/268 251/274/289 250/273/288 235/256/269
f 237/253/301 252/289/302 253/275/303 238/254/304
f 236/255/305 238/254/305 253/275/293 251/274/294
f 143/155/167 147/161/173 183/200/213 176/286/201
f 235/256/269 250/273/288 234/252/265 223/240/253
f 140/146/158 203/220/233 228/279/298 145/280/299
f 230/249/262 239/260/273 185/197/210 149/160/172
f 265/290/306 266/291/307 268/292/308 267/293/309
f 263/294/310 267/293/309 268/292/308 264/295/311
f 262/296/312 264/295/311 268/292/308 266/291/307
f 272/297/313 273/298/314 275/299/315 274/300/316
f 270/301/317 273/298/314 272/297/313 269/302/318
f 270/301/317 271/303/319 275/299/315 273/298/314
f 263/294/310 264/295/311 270/301/317 269/302/318
f 263/294/310 269/302/318 272/297/313 267/293/309
f 278/304/320 279/305/321 281/306/322 280/307/323
f 278/304/320 280/307/323 283/308/324 282/309/325
f 288/310/326 289/311/327 291/312/328 290/313/329
f 286/314/330 289/311/327 288/310/326 285/315/331
f 286/314/330 287/316/332 291/312/328 289/311/327
f 292/317/333 293/318/334 295/319/335 294/320/336
f 292/317/333 296/321/337 297/322/338 293/318/334
f 298/323/339 299/324/340 301/325/341 300/326/342
f 276/327/343 277/328/344 295/319/345 293/318/346
f 291/312/328 304/329/347 303/330/348 290/313/329
f 288/310/326 290/313/329 303/330/348 302/331/349
f 294/320/336 295/319/335 299/324/340 298/323/339
f 280/307/323 281/306/322 286/314/330 285/315/331
f 280/307/323 285/315/331 288/310/326 283/308/324
f 276/327/343 282/309/325 283/308/324 277/328/344
f 299/324/340 302/331/350 303/330/351 301/325/341
f 277/328/344 283/308/324 288/310/326 284/332/352
f 288/310/326 302/331/349 299/324/353 284/332/352
f 277/328/344 284/332/352 299/324/353 295/319/345
f 310/333/354 311/334/355 313/335/356 312/336/357
f 309/337/358 311/334/355 310/333/354 308/338/359
f 315/339/360 318/340/361 317/341/362 314/342/363
f 315/339/360 316/343/364 320/344/365 318/340/361
f 311/334/355 317/341/366 319/345/367 313/335/356
f 314/342/368 317/341/366 311/334/355 309/337/358
f 321/346/369 322/347/370 324/348/371 323/349/372
f 329/350/373 330/351/374 332/352/375 331/353/376
f 337/354/377 338/355/378 340/356/379 339/357/380
f 345/358/381 346/359/382 348/360/383 347/361/384
f 323/349/372 324/348/371 338/355/378 337/354/377
f 331/353/376 332/352/375 346/359/382 345/358/381
f 322/347/370 329/350/373 331/353/376 324/348/371
f 338/355/378 345/358/381 347/361/384 340/356/379
f 321/346/369 325/362/385 327/363/386 322/347/370
f 321/346/369 323/349/372 328/364/387 325/362/385
f 329/350/373 333/365/388 334/366/389 330/351/374
f 334/366/389 336/367/390 332/352/375 330/351/374
f 340/356/379 344/368/391 342/369/392 339/357/380
f 337/354/377 339/357/380 342/369/392 341/370/393
f 348/360/383 351/371/394 350/372/395 347/361/384
f 349/373/396 351/371/394 348/360/383 346/359/382
f 322/347/370 327/363/386 333/365/388 329/350/373
f 347/361/384 350/372/395 344/368/391 340/356/379
f 323/349/372 337/354/377 341/370/393 328/364/387
f 336/367/390 349/373/396 346/359/382 332/352/375
f 324/348/371 331/353/376 345/358/381 338/355/378
f 355/374/397 356/375/398 358/376/399 357/377/400
f 353/378/401 356/375/398 355/374/397 352/379/402
f 353/378/401 354/380/403 358/376/399 356/375/398
f 364/381/404 365/382/405 363/383/406 362/384/407
f 361/385/408 365/382/405 364/381/404 360/386/409
f 359/387/410 360/386/409 364/381/404 362/384/407
f 358/376/399 361/385/408 360/386/409 357/377/400
f 355/374/397 357/377/400 360/386/409 359/387/410
f 368/388/411 370/389/412 369/390/413 367/391/414
f 371/392/415 372/393/416 374/394/417 373/395/418
f 374/394/417 376/396/419 375/397/420 373/395/418
f 381/398/421 383/399/422 382/400/423 380/401/424
f 393/402/425 394/403/426 396/404/427 395/405/428
f 391/406/429 394/403/426 393/402/425 390/407/430
f 391/406/429 392/408/431 396/404/427 394/403/426
f 376/396/432 385/409/433 384/410/434 375/397/435
f 378/411/436 387/412/437 386/413/438 377/414/439
f 369/390/413 370/389/412 378/411/436 377/414/439
f 386/413/438 387/412/437 381/398/421 380/401/424
f 382/400/440 383/399/441 389/415/442 388/416/443
f 381/398/444 387/412/445 389/415/442 383/399/441
f 384/410/434 385/409/433 391/406/429 390/407/430
f 373/395/418 375/397/420 370/389/412 368/388/411
f 390/407/430 393/402/425 389/415/442 387/412/445
f 381/398/446 384/410/434 390/407/430 387/412/445
f 375/397/420 384/410/447 381/398/448 370/389/412
f 369/390/413 377/414/439 386/413/438 380/401/424
f 381/398/448 387/412/437 378/411/436 370/389/412
f 376/396/432 379/417/449 391/406/429 385/409/433
f 265/290/306 325/362/385 326/418/450 266/291/307
f 265/290/306 267/293/309 327/363/386 325/362/385
f 275/299/315 335/419/451 334/366/389 274/300/316
f 272/297/313 274/300/316 334/366/389 333/365/388
f 267/293/309 272/297/313 333/365/388 327/363/386
f 313/335/356 368/388/411 367/391/414 312/336/357
f 310/333/354 312/336/357 367/391/414 366/420/452
f 318/340/453 372/393/416 371/392/415 317/341/366
f 371/392/415 373/395/418 319/345/367 317/341/366
f 318/340/361 320/344/365 374/394/454 372/393/455
f 319/345/367 373/395/418 368/388/411 313/335/356
f 271/303/319 305/421/456 306/422/457 275/299/315
f 334/366/389 335/419/451 353/378/401 352/379/402
f 334/366/389 352/379/402 355/374/397 336/367/390
f 349/373/396 359/387/410 362/384/407 351/371/394
f 336/367/390 355/374/397 359/387/410 349/373/396
f 300/326/342 301/325/341 309/337/358 308/338/359
f 303/330/348 304/329/347 315/339/360 314/342/363
f 301/325/341 303/330/351 314/342/368 309/337/358
f 291/312/328 307/423/458 315/339/360 304/329/347
f 262/296/312 292/317/333 294/320/336 264/295/311
f 262/296/312 266/291/307 296/321/337 292/317/333
f 270/301/317 298/323/339 300/326/342 271/303/319
f 264/295/311 294/320/336 298/323/339 270/301/317
f 308/338/359 310/333/354 306/422/457 305/421/456
f 353/378/401 366/420/452 367/391/414 354/380/403
f 367/391/414 369/390/413 358/376/399 354/380/403
f 380/401/424 382/400/423 365/382/405 361/385/408
f 369/390/413 380/401/424 361/385/408 358/376/399
f 271/303/319 300/326/342 308/338/359 305/421/456
f 310/333/354 366/420/452 353/378/401 306/422/457
f 275/299/315 306/422/457 353/378/401 335/419/451
f 397/424/459 398/425/460 400/426/461 399/427/462
f 401/428/463 402/429/464 404/430/465 403/431/466
f 406/432/467 407/433/468 409/434/469 408/435/470
f 409/434/469 411/436/471 410/437/472 408/435/470
f 412/438/473 413/439/474 415/440/475 414/441/476
f 415/440/475 418/442/477 417/443/478 414/441/476
f 416/444/479 418/442/477 415/440/475 413/439/474
f 399/427/462 400/426/461 407/433/468 406/432/467
f 403/431/466 404/430/465 413/439/474 412/438/473
f 405/445/480 416/444/479 413/439/474 404/430/465
f 398/425/460 401/428/463 403/431/466 400/426/461
f 407/433/468 412/438/473 414/441/476 409/434/469
f 414/441/476 417/443/478 411/436/471 409/434/469
f 400/426/461 403/431/466 412/438/473 407/433/468
f 422/446/481 423/447/482 425/448/483 424/449/484
f 422/446/481 424/449/484 421/450/485 420/451/486
f 431/452/487 432/453/488 430/454/489 429/455/490
f 433/456/491 434/457/492 436/458/493 435/459/494
f 436/458/493 439/460/495 438/461/496 435/459/494
f 437/462/497 439/460/495 436/458/493 434/457/492
f 429/455/490 430/454/489 425/448/483 423/447/482
f 427/463/498 434/457/492 433/456/491 426/464/499
f 433/456/491 435/459/494 428/465/500 426/464/499
f 424/449/484 425/448/483 427/463/498 426/464/499
f 432/453/488 437/462/497 434/457/492 430/454/489
f 430/454/489 434/457/492 427/463/498 425/448/483
f 444/466/501 445/467/502 447/468/503 446/469/504
f 447/468/503 449/470/505 448/471/506 446/469/504
f 453/472/507 454/473/508 456/474/509 455/475/510
f 451/476/511 454/473/508 453/472/507 450/477/512
f 453/472/507 455/475/510 452/478/513 450/477/512
f 441/479/514 445/467/502 444/466/501 440/480/515
f 443/481/516 451/476/511 450/477/512 442/482/517
f 445/467/502 450/477/512 452/478/513 447/468/503
f 452/478/513 455/475/510 449/470/505 447/468/503
f 442/482/517 450/477/512 445/467/502 441/479/514
f 463/483/518 464/484/519 462/485/520 461/486/521
f 468/487/522 471/488/523 470/489/524 467/490/525
f 469/491/526 471/488/523 468/487/522 466/492/527
f 476/493/528 477/494/529 475/495/530 474/496/531
f 475/495/530 477/494/529 473/497/532 472/498/533
f 482/499/534 483/500/535 481/501/536 480/502/537
f 481/501/536 485/503/538 484/504/539 480/502/537
f 484/504/539 486/505/540 482/499/534 480/502/537
f 472/498/541 473/497/542 464/484/519 463/483/518
f 471/488/523 483/500/535 482/499/534 470/489/524
f 481/501/536 483/500/535 471/488/523 469/491/526
f 464/484/519 469/491/526 466/492/527 462/485/520
f 484/504/539 485/503/538 477/494/543 476/493/544
f 477/494/543 485/503/538 481/501/536 473/497/542
f 478/506/545 479/507/546 475/495/530 472/498/533
f 465/508/547 478/506/545 472/498/533 463/483/548
f 473/497/542 481/501/536 469/491/526 464/484/519
f 488/509/549 490/510/550 489/511/551 487/512/552
f 493/513/553 496/514/554 495/515/555 492/516/556
f 494/517/557 496/514/554 493/513/553 491/518/558
f 502/519/559 505/520/560 504/521/561 501/522/562
f 503/523/563 505/520/560 502/519/559 500/524/564
f 509/525/565 510/526/566 512/527/567 511/528/568
f 507/529/569 510/526/566 509/525/565 506/530/570
f 509/525/565 511/528/568 508/531/571 506/530/570
f 490/510/572 499/532/573 498/533/574 489/511/575
f 496/514/554 502/519/576 501/522/577 495/515/555
f 500/524/578 502/519/576 496/514/554 494/517/557
f 498/533/574 499/532/573 507/529/569 506/530/570
f 504/521/561 505/520/560 515/534/579 514/535/580
f 504/521/561 514/535/580 513/536/581 501/522/562
f 492/516/556 495/515/555 490/510/550 488/509/549
f 510/526/566 514/535/580 516/537/582 512/527/567
f 513/536/581 514/535/580 510/526/566 507/529/569
f 499/532/573 501/522/562 513/536/581 507/529/569
f 495/515/555 501/522/577 499/532/583 490/510/550
f 498/533/574 506/530/570 497/538/584 489/511/575
f 461/486/521 462/485/520 432/453/488 431/452/487
f 439/460/495 468/487/522 467/490/525 438/461/496
f 466/492/527 468/487/522 439/460/495 437/462/497
f 462/485/520 466/492/527 437/462/497 432/453/488
f 449/470/505 488/509/549 487/512/552 448/471/506
f 456/474/509 493/513/553 492/516/556 455/475/510
f 491/518/558 493/513/553 456/474/509 454/473/508
f 455/475/510 492/516/556 488/509/549 449/470/505
f 410/437/472 411/436/471 441/479/514 440/480/515
f 417/443/478 418/442/477 443/481/516 442/482/517
f 411/436/471 417/443/478 442/482/517 441/479/514
f 419/539/585 451/476/511 443/481/516 418/442/477
f 460/540/586 503/523/587 500/524/578 459/541/588
f 438/461/496 458/542/589 457/543/590 435/459/494
f 470/489/524 518/544/591 517/545/592 467/490/525
f 482/499/534 519/546/593 518/544/591 470/489/524
f 402/429/464 420/451/486 421/450/485 404/430/465
f 421/450/485 424/449/484 405/445/480 404/430/465
f 416/444/479 426/464/499 428/465/500 418/442/477
f 405/445/480 424/449/484 426/464/499 416/444/479
f 428/465/500 435/459/494 419/539/585 418/442/477
f 457/543/590 458/542/589 454/473/508 451/476/511
f 482/499/534 486/505/540 460/540/586 459/541/588
f 517/545/592 518/544/591 494/517/557 491/518/558
f 518/544/591 519/546/593 500/524/578 494/517/557
f 419/539/585 435/459/494 457/543/590 451/476/511
f 500/524/578 519/546/593 482/499/534 459/541/588
f 460/540/594 486/505/595 520/547/596 503/523/563
f 458/542/589 517/545/592 491/518/558 454/473/508
f 467/490/525 517/545/592 458/542/589 438/461/496
f 524/548/597 525/549/598 527/550/599 526/551/600
f 522/552/601 523/553/602 525/549/598 524/548/597
f 534/554/603 535/555/604 537/556/605 536/557/606
f 534/554/603 538/558/607 539/559/608 535/555/604
f 534/554/603 536/557/606 540/560/609 538/558/607
f 541/561/610 543/562/611 544/563/612 542/564/613
f 545/565/614 547/566/615 548/567/616 546/568/617
f 549/569/618 551/570/619 552/571/620 550/572/621
f 529/573/622 545/565/614 546/568/617 530/574/623
f 532/575/624 549/569/618 550/572/621 533/576/625
f 529/573/622 530/574/623 539/559/608 538/558/607
f 528/577/626 535/555/604 539/559/608 530/574/623
f 554/578/627 555/579/628 548/567/616 547/566/615
f 545/565/614 553/580/629 554/578/627 547/566/615
f 532/575/624 533/576/625 544/563/612 543/562/611
f 532/575/624 543/562/611 541/561/610 531/581/630
f 558/582/631 559/583/632 552/571/620 551/570/619
f 552/571/620 559/583/632 557/584/633 550/572/621
f 528/577/626 530/574/623 532/575/624 531/581/630
f 546/568/617 548/567/616 551/570/619 549/569/618
f 528/577/626 531/581/630 541/561/610 535/555/604
f 555/579/628 558/582/631 551/570/619 548/567/616
f 530/574/623 546/568/617 549/569/618 532/575/624
f 529/573/622 538/558/607 553/580/629 545/565/614
f 550/572/621 557/584/633 544/563/612 533/576/625
f 560/585/634 561/586/635 563/587/636 562/588/637
f 566/589/638 567/590/639 569/591/640 568/592/641
f 562/588/637 563/587/636 567/590/639 566/589/638
f 577/593/642 578/594/643 576/595/644 575/596/644
f 573/597/645 574/598/646 577/593/647 575/596/648
f 584/599/649 588/600/650 587/601/651 583/602/652
f 584/599/653 586/603/653 589/604/654 588/600/655
f 576/595/656 584/599/649 583/602/652 575/596/657
f 577/593/642 585/605/658 586/603/659 578/594/643
f 576/595/656 578/594/660 586/603/660 584/599/649
f 571/606/661 573/597/662 575/596/657 572/607/663
f 587/601/651 588/600/650 582/608/664 581/609/665
f 579/610/666 583/602/652 587/601/651 581/609/665
f 572/607/663 575/596/657 583/602/652 579/610/666
f 592/611/667 593/612/668 591/613/669 590/614/670
f 596/615/671 597/616/672 595/617/673 594/618/674
f 596/615/675 599/619/676 600/620/677 597/616/678
f 595/617/679 597/616/678 600/620/677 598/621/680
f 593/612/668 596/615/671 594/618/674 591/613/669
f 604/622/681 605/623/682 603/624/683 602/625/684
f 607/626/685 608/627/686 611/628/687 609/629/688
f 612/630/689 613/631/690 615/632/691 614/633/692
f 621/634/693 622/635/694 620/636/695 619/637/696
f 620/636/695 622/635/694 624/638/697 623/639/698
f 627/640/699 628/641/700 626/642/701 625/643/702
f 626/642/701 628/641/700 630/644/703 629/645/704
f 609/629/688 619/637/696 620/636/695 610/646/705
f 609/629/688 611/628/687 621/634/693 619/637/696
f 617/647/706 618/648/707 627/640/699 625/643/702
f 605/623/708 612/630/689 614/633/692 606/649/709
f 625/643/702 626/642/701 622/635/694 621/634/693
f 622/635/694 626/642/701 629/645/704 624/638/697
f 605/623/710 608/627/710 607/626/710 603/624/710
f 605/623/708 606/649/709 611/628/687 608/627/686
f 615/632/691 618/648/707 617/647/706 614/633/692
f 616/650/711 618/648/707 615/632/691 613/631/690
f 614/633/692 617/647/706 611/628/687 606/649/709
f 611/628/687 617/647/706 625/643/702 621/634/693
f 554/578/627 590/614/670 591/613/669 555/579/628
f 554/578/627 556/651/712 592/611/667 590/614/670
f 558/582/631 594/618/674 595/617/673 559/583/632
f 555/579/628 591/613/669 594/618/674 558/582/631
f 582/608/664 605/623/682 604/622/681 581/609/665
f 580/652/713 581/609/665 604/622/681 602/625/684
f 588/600/655 589/604/654 613/631/690 612/630/689
f 582/608/664 588/600/650 612/630/714 605/623/682
f 521/653/715 560/585/634 562/588/637 523/553/602
f 525/549/598 566/589/638 568/592/641 527/550/599
f 523/553/602 562/588/637 566/589/638 525/549/598
f 602/625/684 603/624/683 593/612/668 592/611/667
f 609/629/688 610/646/705 600/620/677 599/619/676
f 596/615/675 607/626/685 609/629/688 599/619/676
f 603/624/683 607/626/716 596/615/671 593/612/668
f 600/620/677 610/646/705 620/636/695 601/654/717
f 522/552/601 538/558/607 540/560/609 523/553/602
f 521/653/715 523/553/602 540/560/609 536/557/606
f 527/550/599 556/651/712 554/578/627 526/551/600
f 524/548/597 526/551/600 554/578/627 553/580/629
f 522/552/601 524/548/597 553/580/629 538/558/607
f 560/585/634 570/655/718 571/606/661 561/586/635
f 571/606/661 572/607/663 563/587/636 561/586/635
f 564/656/719 565/657/720 577/593/647 574/598/646
f 569/591/640 581/609/665 580/652/713 568/592/641
f 579/610/666 581/609/665 569/591/640 567/590/639
f 572/607/663 579/610/666 567/590/639 563/587/636
f 521/653/715 536/557/606 570/655/718 560/585/634
f 568/592/641 580/652/713 556/651/712 527/550/599
f 556/651/712 580/652/713 602/625/684 592/611/667
f 633/658/721 634/659/722 636/660/723 635/661/724
f 633/658/721 637/662/725 638/663/726 634/659/722
f 639/664/727 640/665/728 642/666/729 641/667/730
f 639/664/727 643/668/731 644/669/732 640/665/728
f 644/669/732 645/670/733 642/666/729 640/665/728
f 650/671/734 652/672/735 653/673/736 651/674/737
f 654/675/738 656/676/739 657/677/740 655/678/741
f 631/679/742 646/680/743 647/681/744 632/682/745
f 643/668/731 654/675/738 655/678/741 644/669/732
f 631/679/742 632/682/745 638/663/726 637/662/725
f 650/671/734 651/674/737 647/681/746 646/680/743
f 634/659/722 639/664/727 641/667/730 636/660/723
f 634/659/722 638/663/726 643/668/731 639/664/727
f 651/674/737 653/673/736 656/676/739 654/675/738
f 648/683/747 649/684/748 656/676/739 653/673/736
f 638/663/726 651/674/737 654/675/738 643/668/731
f 631/679/742 637/662/749 650/671/734 646/680/743
f 647/681/744 651/674/737 638/663/726 632/682/745
f 663/685/750 666/686/751 667/687/752 664/688/753
f 665/689/754 666/686/751 663/685/750 662/690/755
f 660/691/756 663/685/750 664/688/753 661/692/757
f 662/690/755 663/685/750 660/691/756 659/693/758
f 669/694/759 670/695/760 672/696/761 671/697/762
f 669/694/759 673/698/763 674/699/764 670/695/760
f 674/699/764 675/700/765 672/696/761 670/695/760
f 680/701/766 681/702/767 679/703/768 678/704/769
f 689/705/770 690/706/771 688/707/772 687/708/773
f 694/709/774 695/710/775 693/711/776 692/712/777
f 684/713/778 685/714/779 675/700/765 674/699/764
f 692/712/777 693/711/776 683/715/780 682/716/781
f 671/697/762 672/696/761 678/704/769 677/717/782
f 675/700/765 680/701/766 678/704/769 672/696/761
f 690/706/771 694/709/774 692/712/777 688/707/772
f 680/701/766 682/716/781 683/715/780 681/702/767
f 684/713/778 687/708/773 688/707/772 685/714/779
f 684/713/778 686/718/783 689/705/770 687/708/773
f 675/700/765 676/719/784 682/716/781 680/701/766
f 675/700/765 685/714/779 688/707/772 676/719/784
f 683/715/780 693/711/776 691/720/785 681/702/767
f 688/707/772 692/712/777 682/716/781 676/719/784
f 698/721/786 700/722/787 701/723/788 699/724/789
f 703/725/790 705/726/791 706/727/792 704/728/793
f 710/729/794 711/730/795 709/731/796 708/732/797
f 710/729/794 712/733/798 713/734/799 711/730/795
f 716/735/800 717/736/801 715/737/802 714/738/803
f 700/722/787 708/732/797 709/731/796 701/723/788
f 700/722/787 702/739/804 710/729/794 708/732/797
f 705/726/791 714/738/803 715/737/802 706/727/792
f 715/737/802 717/736/801 707/740/805 706/727/792
f 699/724/789 701/723/788 705/726/791 703/725/790
f 711/730/795 716/735/800 714/738/803 709/731/796
f 711/730/795 713/734/799 718/741/806 716/735/800
f 699/724/789 703/725/790 697/742/807 696/743/808
f 701/723/788 709/731/796 714/738/803 705/726/791
f 720/744/809 723/745/810 724/746/811 721/747/812
f 722/748/813 723/745/810 720/744/809 719/749/814
f 729/750/815 730/751/816 728/752/817 727/753/818
f 736/754/819 737/755/820 735/756/821 734/757/822
f 731/758/823 734/757/822 735/756/821 732/759/824
f 735/756/821 737/755/820 733/760/825 732/759/824
f 740/761/826 741/762/827 739/763/828 738/764/829
f 744/765/830 745/766/831 743/767/832 742/768/833
f 738/764/829 739/763/828 730/751/816 729/750/815
f 742/768/833 743/767/832 737/755/820 736/754/819
f 730/751/816 736/754/819 734/757/822 728/752/817
f 741/762/827 744/765/830 742/768/833 739/763/828
f 739/763/828 742/768/833 736/754/819 730/751/816
f 752/769/834 753/770/835 751/771/836 750/772/837
f 758/773/838 759/774/839 757/775/840 756/776/841
f 762/777/842 763/778/843 761/779/844 760/780/845
f 767/781/846 768/782/847 766/783/848 765/784/849
f 769/785/850 770/786/851 767/781/846 765/784/849
f 747/787/852 760/780/845 761/779/844 748/788/853
f 761/779/844 763/778/843 749/789/854 748/788/853
f 766/783/848 768/782/847 755/790/855 754/791/856
f 765/784/849 766/783/848 763/778/843 762/777/842
f 764/792/857 769/785/850 765/784/849 762/777/842
f 753/770/835 758/773/838 756/776/841 751/771/836
f 749/789/854 753/770/835 752/769/834 748/788/853
f 746/793/858 748/788/853 752/769/834 750/772/837
f 755/790/855 759/774/839 758/773/838 754/791/856
f 754/791/856 758/773/838 753/770/835 749/789/854
f 763/778/843 766/783/848 754/791/856 749/789/854
f 652/672/735 698/721/786 699/724/789 653/673/736
f 656/676/739 703/725/790 704/728/793 657/677/740
f 648/683/747 696/743/808 697/742/807 649/684/748
f 648/683/747 653/673/736 699/724/789 696/743/808
f 697/742/807 703/725/790 656/676/739 649/684/748
f 666/686/751 720/744/809 721/747/812 667/687/752
f 719/749/814 720/744/809 666/686/751 665/689/754
f 750/772/837 751/771/836 690/706/771 689/705/770
f 756/776/841 757/775/840 695/710/775 694/709/774
f 686/718/783 746/793/858 750/772/837 689/705/770
f 751/771/836 756/776/841 694/709/774 690/706/771
f 727/753/818 728/752/817 713/734/799 712/733/798
f 710/729/794 726/794/859 727/753/818 712/733/798
f 731/758/823 732/759/824 717/736/801 716/735/800
f 718/741/806 734/757/822 731/758/823 716/735/800
f 728/752/817 734/757/822 718/741/806 713/734/799
f 660/691/756 661/692/757 674/699/764 673/698/763
f 660/691/756 673/698/763 669/694/759 658/795/860
f 667/687/752 686/718/783 684/713/778 664/688/753
f 664/688/753 684/713/778 674/699/764 661/692/757
f 747/787/852 748/788/853 724/746/811 723/745/810
f 724/746/811 748/788/853 746/793/858 721/747/812
f 725/796/861 760/780/845 747/787/852 723/745/810
f 644/669/732 659/693/758 660/691/756 645/670/733
f 642/666/729 645/670/733 660/691/756 658/795/860
f 655/678/741 657/677/740 665/689/754 662/690/755
f 644/669/732 655/678/741 662/690/755 659/693/758
f 707/740/805 723/745/810 722/748/813 706/727/792
f 704/728/793 706/727/792 722/748/813 719/749/814
f 707/740/805 717/736/801 725/796/861 723/745/810
f 733/760/825 762/777/842 760/780/845 732/759/824
f 733/760/825 737/755/820 764/792/857 762/777/842
f 745/766/831 770/786/851 769/785/850 743/767/832
f 743/767/832 769/785/850 764/792/857 737/755/820
f 642/666/729 658/795/860 669/694/759 668/797/862
f 732/759/824 760/780/845 725/796/861 717/736/801
f 657/677/740 704/728/793 719/749/814 665/689/754
f 721/747/812 746/793/858 686/718/783 667/687/752
f 777/798/863 778/799/864 776/800/865 775/801/866
f 771/802/867 775/801/866 776/800/865 772/803/868
f 774/804/869 778/799/864 777/798/863 773/805/870
f 771/802/867 773/805/871 777/798/863 775/801/866
f 781/806/872 782/807/873 780/808/874 779/809/875
f 780/808/874 782/807/873 784/810/876 783/811/877
f 787/812/878 788/813/879 790/814/880 789/815/881
f 776/800/865 778/799/864 786/816/882 785/817/883
f 783/811/884 784/810/885 788/813/879 787/812/878
f 779/809/875 780/808/874 774/804/869 773/805/871
f 774/804/869 780/808/874 783/811/877 778/799/864
f 778/799/864 783/811/877 787/812/886 786/816/882
f 797/818/887 798/819/888 796/820/889 795/821/890
f 792/822/891 795/821/890 796/820/889 793/823/892
f 792/822/891 794/824/893 797/818/887 795/821/890
f 794/824/893 799/825/894 800/826/895 797/818/887
f 808/827/896 809/828/897 811/829/898 810/830/899
f 813/831/900 816/832/901 815/833/902 812/834/903
f 813/831/900 814/835/904 817/836/905 816/832/901
f 820/837/906 823/838/907 822/839/908 819/840/909
f 826/841/910 829/842/911 828/843/912 825/844/913
f 824/845/914 825/844/913 828/843/912 827/846/915
f 836/847/916 837/848/917 835/849/918 834/850/919
f 835/849/918 839/851/920 838/852/921 834/850/919
f 810/830/899 811/829/898 825/844/913 824/845/914
f 816/832/901 832/853/922 831/854/923 815/833/902
f 823/838/907 837/848/917 836/847/916 822/839/908
f 821/855/924 822/839/908 836/847/916 834/850/919
f 809/828/897 812/834/903 815/833/902 811/829/898
f 831/854/923 832/853/922 826/841/910 825/844/913
f 826/841/910 832/853/922 833/856/925 829/842/911
f 813/831/900 818/857/926 819/840/909 814/835/904
f 817/836/905 822/839/908 821/855/924 816/832/901
f 819/840/909 822/839/908 817/836/905 814/835/904
f 834/850/919 838/852/921 833/856/925 832/853/922
f 833/856/925 838/852/921 830/858/927 829/842/911
f 821/855/924 834/850/919 832/853/922 816/832/901
f 811/829/898 815/833/902 831/854/923 825/844/913
f 848/859/928 849/860/929 847/861/930 846/862/931
f 844/863/932 845/864/933 848/859/928 846/862/931
f 852/865/934 853/866/935 851/867/936 850/868/937
f 851/867/936 853/866/935 855/869/938 854/870/939
f 858/871/940 859/872/941 857/873/942 856/874/943
f 847/861/930 861/875/944 860/876/945 846/862/931
f 847/861/930 849/860/929 862/877/946 861/875/944
f 850/868/937 851/867/936 842/878/947 841/879/948
f 842/878/947 851/867/936 854/870/939 843/880/949
f 856/874/943 857/873/942 849/860/950 848/859/951
f 842/878/947 845/864/952 844/863/953 840/881/954
f 842/878/947 843/880/949 848/859/951 845/864/952
f 855/869/938 858/871/940 856/874/943 854/870/939
f 854/870/939 856/874/943 848/859/951 843/880/949
f 866/882/955 867/883/956 865/884/957 864/885/958
f 874/886/959 875/887/960 873/888/961 872/889/962
f 871/890/963 875/887/960 874/886/959 870/891/964
f 869/892/965 870/891/964 874/886/959 872/889/962
f 876/893/966 877/894/967 871/890/963 870/891/964
f 867/883/956 870/891/964 869/892/965 865/884/957
f 869/892/965 872/889/962 868/895/968 865/884/957
f 797/818/887 841/879/948 842/878/947 798/819/888
f 796/820/889 798/819/888 842/878/947 840/881/954
f 800/826/895 801/896/969 852/865/934 850/868/937
f 797/818/887 800/826/895 850/868/937 841/879/948
f 829/842/911 867/883/956 866/882/955 828/843/912
f 827/846/915 828/843/912 866/882/955 864/885/958
f 839/851/920 877/894/967 876/893/966 838/852/921
f 830/858/927 870/891/964 867/883/956 829/842/911
f 830/858/927 838/852/921 876/893/966 870/891/964
f 802/897/970 803/898/971 782/807/873 781/806/872
f 782/807/873 803/898/971 805/899/972 784/810/876
f 788/813/879 806/900/973 807/901/974 790/814/880
f 784/810/885 805/899/975 806/900/973 788/813/879
f 864/885/958 865/884/957 853/866/935 852/865/934
f 853/866/935 865/884/957 868/895/968 855/869/938
f 872/889/962 873/888/961 859/872/941 858/871/940
f 868/895/968 872/889/962 858/871/940 855/869/938
f 786/816/882 794/824/976 792/822/977 785/902/883
f 790/814/880 801/896/969 800/826/895 789/815/881
f 787/812/878 789/815/881 800/826/895 799/825/894
f 787/812/878 799/825/894 794/824/893 786/816/978
f 776/903/979 785/902/883 792/822/977 791/904/980
f 804/905/981 809/828/982 808/827/983 803/898/971
f 808/827/896 810/830/899 805/899/975 803/898/984
f 824/845/914 827/846/915 807/901/974 806/900/973
f 810/830/899 824/845/914 806/900/973 805/899/975
f 807/901/974 827/846/915 801/896/969 790/814/880
f 801/896/969 827/846/915 864/885/958 852/865/934
f 883/906/985 884/907/986 886/908/987 885/909/988
f 881/910/989 884/907/986 883/906/985 880/911/990
f 883/906/985 885/909/988 882/912/991 880/911/990
f 889/913/992 890/914/993 888/915/994 887/916/995
f 893/917/996 896/918/997 895/919/998 892/920/999
f 894/921/1000 896/918/997 893/917/996 891/922/1001
f 901/923/1002 902/924/1003 900/925/1004 899/926/1005
f 886/908/987 893/917/996 892/920/999 885/909/988
f 891/922/1001 893/917/996 886/908/987 884/907/986
f 899/926/1005 900/925/1004 890/914/993 889/913/992
f 885/909/1006 889/913/992 887/916/995 882/912/1006
f 895/919/998 901/923/1007 899/926/1008 892/920/999
f 897/927/1009 898/928/1010 894/921/1000 891/922/1001
f 892/920/999 899/926/1008 889/913/1011 885/909/988
f 907/929/1012 909/930/1013 908/931/1014 906/932/1015
f 911/933/1016 914/934/1017 913/935/1018 910/936/1019
f 913/935/1018 915/937/1020 912/938/1021 910/936/1019
f 918/939/1022 920/940/1023 917/941/1024 916/942/1025
f 923/943/1026 924/944/1027 922/945/1028 921/946/1029
f 922/945/1028 926/947/1030 925/948/1031 921/946/1029
f 928/949/1032 931/950/1033 930/951/1034 927/952/1035
f 909/930/1013 924/944/1027 923/943/1026 908/931/1014
f 914/934/1017 928/949/1032 927/952/1035 913/935/1018
f 927/952/1035 929/953/1036 915/937/1020 913/935/1018
f 905/954/1037 914/934/1017 911/933/1016 904/955/1038
f 930/951/1034 931/950/1033 920/940/1023 919/956/1039
f 920/940/1023 931/950/1033 928/949/1032 917/941/1024
f 912/938/1021 915/937/1020 909/930/1013 907/929/1012
f 924/944/1027 929/953/1036 927/952/1035 922/945/1028
f 927/952/1035 930/951/1034 926/947/1030 922/945/1028
f 915/937/1020 929/953/1036 924/944/1027 909/930/1013
f 917/941/1024 928/949/1032 914/934/1017 905/954/1037
f 934/957/1040 935/958/1041 933/959/1042 932/960/1043
f 936/961/1044 937/962/1045 935/958/1041 934/957/1040
f 943/963/1046 944/964/1047 942/965/1048 941/966/1049
f 950/967/1050 951/968/1051 949/969/1052 948/970/1053
f 947/971/1054 951/968/1051 950/967/1050 946/972/1055
f 949/969/1052 951/968/1051 947/971/1054 945/973/1056
f 957/974/1057 958/975/1058 956/976/1059 955/977/1060
f 954/978/1061 958/975/1058 957/974/1057 953/979/1062
f 952/980/1063 953/979/1062 957/974/1057 955/977/1060
f 964/981/1064 965/982/1065 963/983/1066 962/984/1067
f 961/985/1068 965/982/1065 964/981/1064 960/986/1069
f 963/983/1066 965/982/1065 961/985/1068 959/987/1070
f 942/965/1071 967/988/1072 966/989/1073 941/966/1074
f 949/969/1075 969/990/1076 968/991/1077 948/970/1078
f 966/989/1073 967/988/1072 954/978/1061 953/979/1062
f 968/991/1077 969/990/1076 961/985/1068 960/986/1069
f 944/964/1047 950/967/1050 948/970/1053 942/965/1048
f 958/975/1058 964/981/1064 962/984/1067 956/976/1059
f 960/986/1069 964/981/1064 958/975/1058 954/978/1061
f 967/988/1072 968/991/1077 960/986/1069 954/978/1061
f 948/970/1078 968/991/1077 967/988/1072 942/965/1071
f 939/992/1079 941/966/1074 966/989/1073 953/979/1062
f 961/985/1068 969/990/1076 949/969/1075 940/993/1080
f 975/994/1081 976/995/1082 974/996/1083 973/997/1084
f 972/998/1085 976/995/1082 975/994/1081 971/999/1086
f 974/996/1083 976/995/1082 972/998/1085 970/1000/1087
f 974/996/1083 982/1001/1088 981/1002/1089 973/997/1084
f 981/1002/1089 983/1003/1090 975/994/1081 973/997/1084
f 975/994/1081 980/1004/1091 979/1005/1092 971/999/1086
f 977/1006/1093 978/1007/1094 974/996/1083 970/1000/1087
f 989/1008/1095 990/1009/1096 988/1010/1097 987/1011/1098
f 986/1012/1099 990/1009/1096 989/1008/1095 985/1013/1100
f 993/1014/1101 994/1015/1102 992/1016/1103 991/1017/1104
f 995/1018/1105 996/1019/1106 993/1014/1101 991/1017/1104
f 997/1020/1107 998/1021/1108 986/1012/1099 985/1013/1100
f 990/1009/1096 996/1019/1106 995/1018/1105 988/1010/1097
f 993/1014/1101 996/1019/1106 990/1009/1096 986/1012/1099
f 998/1021/1108 999/1022/1109 993/1014/1101 986/1012/1099
f 945/973/1056 947/971/1054 879/1023/1110 878/1024/1111
f 896/918/997 972/998/1085 971/999/1086 895/919/998
f 970/1000/1087 972/998/1085 896/918/997 894/921/1000
f 898/928/1010 977/1006/1093 970/1000/1087 894/921/1000
f 971/999/1086 979/1005/1092 901/923/1007 895/919/998
f 920/940/1023 994/1015/1102 993/1014/1101 919/956/1039
f 992/1016/1103 994/1015/1102 920/940/1023 918/939/1022
f 926/947/1030 998/1021/1108 997/1020/1107 925/948/1031
f 930/951/1034 999/1022/1109 998/1021/1108 926/947/1030
f 993/1014/1101 999/1022/1109 930/951/1034 919/956/1039
f 987/1011/1098 988/1010/1097 944/964/1047 943/963/1046
f 991/1017/1104 992/1016/1103 947/971/1054 946/972/1055
f 950/967/1050 995/1018/1105 991/1017/1104 946/972/1055
f 988/1010/1097 995/1018/1105 950/967/1050 944/964/1047
f 890/914/993 934/957/1040 932/960/1043 888/915/994
f 902/924/1003 938/1025/1112 936/961/1044 900/925/1004
f 900/925/1004 936/961/1044 934/957/1040 890/914/993
f 879/1023/1110 902/924/1003 901/923/1002 878/1024/1111
f 903/1026/1113 932/960/1043 933/959/1042 904/955/1038
f 933/959/1042 935/958/1041 905/954/1037 904/955/1038
f 917/941/1024 937/962/1045 936/961/1044 916/942/1025
f 936/961/1044 938/1025/1112 918/939/1022 916/942/1025
f 935/958/1041 937/962/1045 917/941/1024 905/954/1037
f 979/1005/1092 980/1004/1091 949/969/1075 945/973/1114
f 961/985/1068 983/1003/1090 981/1002/1089 959/987/1070
f 981/1002/1089 984/1027/1115 963/983/1066 959/987/1070
f 949/969/1075 980/1004/1091 975/994/1081 940/993/1080
f 975/994/1081 983/1003/1090 961/985/1068 940/993/1080
f 918/939/1022 938/1025/1112 902/924/1003 879/1023/1110
f 901/923/1007 979/1005/1092 945/973/1114 878/1024/1116
f 947/971/1054 992/1016/1103 918/939/1022 879/1023/1110
f 69/122/125 536/557/606 537/556/605 70/75/77
f 68/74/74 70/75/77 537/556/605 535/555/604
f 74/64/75 541/561/610 542/564/613 75/65/1117
f 68/74/74 535/555/604 541/561/610 74/64/75
f 104/106/127 106/108/1118 571/606/661 570/655/718
f 110/114/135 111/123/134 574/598/646 573/597/645
f 106/108/1119 110/114/1119 573/597/1119 571/606/1119
f 88/89/87 564/656/719 574/598/646 111/123/134
f 69/122/125 104/106/127 570/655/718 536/557/606
f 219/230/243 635/661/1120 636/660/1121 220/231/244
f 633/658/721 635/661/724 219/230/1122 217/233/1123
f 226/234/1124 641/667/730 642/666/729 227/235/1125
f 220/231/244 636/660/1121 641/667/1126 226/234/247
f 669/694/759 671/697/762 253/275/303 252/289/302
f 257/268/1127 677/717/1127 678/704/1128 258/269/284
f 678/704/1128 679/703/1129 259/271/285 258/269/284
f 671/697/762 677/717/782 257/268/1130 253/275/303
f 237/253/301 668/797/862 669/694/759 252/289/302
f 642/666/729 668/797/862 237/253/301 227/235/1125
f 342/369/392 771/802/867 772/803/868 343/1028/1131
f 342/369/392 344/368/391 773/805/871 771/802/867
f 350/372/395 351/371/394 781/806/872 779/809/875
f 344/368/391 350/372/395 779/809/875 773/805/871
f 363/383/406 803/898/971 802/897/970 362/384/407
f 363/383/406 365/382/405 804/905/981 803/898/971
f 389/415/442 813/831/900 812/834/903 388/416/443
f 396/404/427 820/837/906 819/840/909 395/405/428
f 393/402/425 395/405/428 819/840/909 818/857/926
f 393/402/425 818/857/926 813/831/900 389/415/442
f 382/400/440 388/416/443 812/834/903 809/828/897
f 382/400/423 809/828/982 804/905/981 365/382/405
f 351/371/394 362/384/407 802/897/970 781/806/872
f 475/495/530 881/910/1132 880/911/1133 474/496/531
f 880/911/1133 882/912/1134 476/493/544 474/496/531
f 887/916/995 888/915/994 486/505/595 484/504/1135
f 882/912/1134 887/916/1136 484/504/539 476/493/544
f 903/1026/1113 904/955/1038 505/520/560 503/523/563
f 512/527/567 907/929/1012 906/932/1015 511/528/568
f 515/534/579 911/933/1016 910/936/1019 514/535/580
f 910/936/1019 912/938/1021 516/537/582 514/535/580
f 516/537/582 912/938/1021 907/929/1012 512/527/567
f 904/955/1038 911/933/1016 515/534/579 505/520/560
f 520/547/596 932/960/1043 903/1026/1113 503/523/563
f 888/915/994 932/960/1043 520/547/596 486/505/595
f 78/77/79 79/80/82 326/418/450 325/362/385
f 78/77/79 325/362/385 328/364/387 81/78/80
f 342/369/392 343/1028/1131 88/85/87 87/84/86
f 84/83/85 341/370/393 342/369/392 87/84/86
f 81/78/80 328/364/387 341/370/393 84/83/85
f 46/118/116 47/37/119 297/322/338 296/321/337
f 44/36/36 293/318/346 297/322/1137 47/37/37
f 29/28/28 30/29/29 279/305/321 278/304/320
f 29/28/28 278/304/320 282/309/325 33/27/27
f 27/52/51 33/27/27 282/309/325 276/327/343
f 27/52/51 276/327/343 293/318/346 44/36/36
f 21/125/137 46/118/116 296/321/337 266/291/307
f 21/125/137 266/291/307 326/418/450 79/80/82
f 564/1029/719 772/803/868 776/800/865 565/1030/720
f 792/822/977 793/823/1138 586/603/659 585/605/658
f 586/603/1139 793/823/892 796/820/889 589/604/1139
f 577/593/642 791/904/980 792/822/977 585/605/658
f 616/650/711 844/863/932 846/862/931 618/648/707
f 860/876/945 861/875/944 628/641/700 627/640/699
f 628/641/700 861/875/944 863/1031/1140 630/644/703
f 840/881/1141 844/863/932 616/650/711 613/631/690
f 618/648/707 846/862/931 860/876/945 627/640/699
f 776/903/979 791/904/980 577/593/642 565/657/1142
f 589/604/654 796/820/1143 840/881/1141 613/631/690
f 165/182/191 166/181/190 398/425/460 397/424/459
f 171/188/197 172/187/196 402/429/464 401/428/463
f 166/181/190 171/188/197 401/428/463 398/425/460
f 181/208/221 182/209/222 423/447/482 422/446/481
f 181/208/221 422/446/481 420/451/486 179/287/300
f 193/207/220 431/452/487 429/455/490 190/203/216
f 190/203/216 429/455/490 423/447/482 182/209/222
f 248/265/278 463/483/518 461/486/521 245/266/279
f 261/276/295 479/507/546 478/506/545 260/277/296
f 248/265/1144 249/278/1145 465/508/547 463/483/548
f 475/495/530 479/507/546 261/276/295 259/271/285
f 260/277/1146 478/506/545 465/508/547 249/278/1145
f 172/187/196 179/287/300 420/451/486 402/429/464
f 245/266/279 461/486/521 431/452/487 193/207/220
f 955/977/1060 956/976/1059 741/762/827 740/761/826
f 962/984/1067 963/983/1066 745/766/831 744/765/830
f 956/976/1059 962/984/1067 744/765/830 741/762/827
f 681/702/767 884/907/986 881/910/989 679/703/768
f 695/710/775 898/928/1010 897/927/1009 693/711/776
f 691/720/785 693/711/776 897/927/1009 891/922/1001
f 691/720/785 891/922/1001 884/907/986 681/702/767
f 981/1002/1089 982/1001/1088 768/782/847 767/781/846
f 770/786/851 984/1027/1115 981/1002/1089 767/781/846
f 759/774/839 978/1007/1094 977/1006/1093 757/775/840
f 974/996/1083 978/1007/1094 759/774/839 755/790/855
f 768/782/847 982/1001/1088 974/996/1083 755/790/855
f 963/983/1066 984/1027/1115 770/786/851 745/766/831
f 757/775/840 977/1006/1093 898/928/1010 695/710/775
f 4/2/2 119/130/142 121/132/144 6/3/3
f 2/120/122 6/3/3 121/132/144 117/129/141
f 7/9/9 128/138/150 130/141/153 9/8/8
f 7/9/9 10/10/10 132/142/154 128/138/150
f 1/19/19 112/151/163 119/130/142 4/2/2
f 1/19/19 9/8/8 130/141/153 112/151/163
f 24/21/21 154/172/181 155/169/180 26/22/22
f 150/163/175 154/1032/181 24/119/21 22/121/123
f 28/30/30 163/179/188 165/182/191 30/29/29
f 28/30/30 32/25/25 167/183/192 163/179/188
f 26/22/22 155/169/180 167/183/204 32/25/52
f 57/55/55 198/213/226 196/216/229 55/58/58
f 52/57/57 55/58/58 196/216/229 194/217/230
f 72/66/66 75/65/65 217/233/246 216/243/256
f 72/66/66 216/243/256 209/226/239 66/70/70
f 57/55/55 66/70/70 209/226/239 198/213/226
f 2/120/122 117/129/141 150/163/175 22/121/123
f 10/10/10 52/57/57 194/217/230 132/142/154
f 279/305/321 397/424/459 399/427/462 281/306/322
f 286/314/330 406/432/467 408/435/470 287/316/332
f 408/435/470 410/437/472 291/312/328 287/316/332
f 281/306/322 399/427/462 406/432/467 286/314/330
f 315/339/360 444/466/501 446/469/504 316/343/364
f 446/469/504 448/471/506 320/344/365 316/343/364
f 440/480/515 444/466/501 315/339/360 307/423/458
f 487/512/552 489/511/551 376/396/1147 374/394/454
f 391/406/429 506/530/570 508/531/571 392/408/431
f 508/531/571 511/528/568 396/404/427 392/408/431
f 376/396/432 489/511/575 497/538/584 379/417/449
f 497/538/584 506/530/570 391/406/429 379/417/449
f 291/312/328 410/437/472 440/480/515 307/423/458
f 448/471/506 487/512/552 374/394/454 320/344/365
f 542/564/613 544/563/612 637/662/725 633/658/721
f 557/584/1148 559/583/1148 652/672/1148 650/671/1148
f 544/563/1149 557/584/1149 650/671/734 637/662/749
f 600/620/677 702/739/804 700/722/787 598/621/680
f 595/617/679 598/621/680 700/722/787 698/721/786
f 600/620/677 601/654/717 710/729/794 702/739/804
f 624/638/697 729/750/815 727/753/818 623/639/698
f 620/636/695 623/639/698 727/753/818 726/794/859
f 630/644/703 740/761/826 738/764/829 629/645/704
f 629/645/704 738/764/829 729/750/815 624/638/697
f 620/636/695 726/794/859 710/729/794 601/654/717
f 559/583/1150 595/617/679 698/721/786 652/672/735
f 906/932/1015 908/931/1014 823/838/907 820/837/906
f 837/848/917 923/943/1026 921/946/1029 835/849/918
f 921/946/1029 925/948/1031 839/851/920 835/849/918
f 908/931/1014 923/943/1026 837/848/917 823/838/907
f 859/872/941 943/963/1046 941/966/1049 857/873/942
f 862/877/946 953/979/1062 952/980/1063 861/875/944
f 952/980/1063 955/977/1060 863/1031/1140 861/875/944
f 857/873/942 941/966/1049 939/992/1151 849/860/950
f 939/992/1079 953/979/1062 862/877/946 849/860/929
f 875/887/960 989/1008/1095 987/1011/1098 873/888/961
f 985/1013/1100 989/1008/1095 875/887/960 871/890/963
f 877/894/967 997/1020/1107 985/1013/1100 871/890/963
f 873/888/961 987/1011/1098 943/963/1046 859/872/941
f 925/948/1031 997/1020/1107 877/894/967 839/851/920
f 30/29/29 165/182/191 397/424/459 279/305/321
f 863/1031/1140 955/977/1060 740/761/826 630/644/703
f 75/65/1117 542/564/613 633/658/721 217/233/1123
f 511/528/568 906/932/1015 820/837/906 396/404/427
f 88/85/87 343/1028/1131 772/803/868 564/1029/719
f 679/703/1152 881/910/1132 475/495/530 259/271/285
